No.,Ticker,Company,Sector,Industry
1,A,Agilent Technologies Inc,Healthcare,Diagnostics & Research
2,AA,Alcoa Corp,Basic Materials,Aluminum
3,AAL,American Airlines Group Inc,Industrials,Airlines
4,AAOI,Applied Optoelectronics Inc,Technology,Communication Equipment
5,AAON,AAON Inc,Industrials,Building Products & Equipment
6,AAP,Advance Auto Parts Inc,Consumer Cyclical,Auto Parts
7,AAPL,Apple Inc,Technology,Consumer Electronics
8,AAUC,Allied Gold Corp,Basic Materials,Gold
9,ABBV,Abbvie Inc,Healthcare,Drug Manufacturers - General
10,ABEV,Ambev S.A. ADR,Consumer Defensive,Beverages - Brewers
11,ABNB,Airbnb Inc,Consumer Cyclical,Travel Services
12,ABT,Abbott Laboratories,Healthcare,Medical Devices
13,ABVX,Abivax ADR,Healthcare,Biotechnology
14,ACAD,Acadia Pharmaceuticals Inc,Healthcare,Biotechnology
15,ACGL,Arch Capital Group Ltd,Financial,Insurance - Diversified
16,ACHC,Acadia Healthcare Company Inc,Healthcare,Medical Care Facilities
17,ACHR,Archer Aviation Inc,Industrials,Aerospace & Defense
18,ACI,Albertsons Companies Inc,Consumer Defensive,Grocery Stores
19,ACIW,ACI Worldwide Inc,Technology,Software - Infrastructure
20,ACLX,Arcellx Inc,Healthcare,Biotechnology
21,ACM,AECOM,Industrials,Engineering & Construction
22,ACMR,ACM Research Inc,Technology,Semiconductor Equipment & Materials
23,ACN,Accenture plc,Technology,Information Technology Services
24,ADBE,Adobe Inc,Technology,Software - Application
25,ADC,Agree Realty Corp,Real Estate,REIT - Retail
26,ADEA,Adeia Inc,Technology,Software - Application
27,ADI,Analog Devices Inc,Technology,Semiconductors
28,ADM,Archer Daniels Midland Co,Consumer Defensive,Farm Products
29,ADMA,Adma Biologics Inc,Healthcare,Biotechnology
30,ADP,Automatic Data Processing Inc,Technology,Software - Application
31,ADPT,Adaptive Biotechnologies Corp,Healthcare,Biotechnology
32,ADSK,Autodesk Inc,Technology,Software - Application
33,ADT,ADT Inc,Industrials,Security & Protection Services
34,AEE,Ameren Corp,Utilities,Utilities - Regulated Electric
35,AEG,Aegon Ltd,Financial,Insurance - Diversified
36,AEM,Agnico Eagle Mines Ltd,Basic Materials,Gold
37,AEO,American Eagle Outfitters Inc,Consumer Cyclical,Apparel Retail
38,AEP,American Electric Power Company Inc,Utilities,Utilities - Regulated Electric
39,AER,Aercap Holdings N.V,Industrials,Rental & Leasing Services
40,AES,AES Corp,Utilities,Utilities - Diversified
41,AFL,Aflac Inc,Financial,Insurance - Life
42,AFRM,Affirm Holdings Inc,Financial,Credit Services
43,AG,First Majestic Silver Corporation,Basic Materials,Silver
44,AGCO,AGCO Corp,Industrials,Farm & Heavy Construction Machinery
45,AGI,Alamos Gold Inc,Basic Materials,Gold
46,AGNC,AGNC Investment Corp,Real Estate,REIT - Mortgage
47,AHR,American Healthcare REIT Inc,Real Estate,REIT - Healthcare Facilities
48,AIG,American International Group Inc,Financial,Insurance - Diversified
49,AJG,Arthur J. Gallagher & Co,Financial,Insurance Brokers
50,AKAM,Akamai Technologies Inc,Technology,Software - Infrastructure
51,AKR,Acadia Realty Trust,Real Estate,REIT - Retail
52,AL,Air Lease Corp,Industrials,Rental & Leasing Services
53,ALAB,Astera Labs Inc,Technology,Semiconductors
54,ALB,Albemarle Corp,Basic Materials,Specialty Chemicals
55,ALC,Alcon Inc,Healthcare,Medical Instruments & Supplies
56,ALGM,Allegro Microsystems Inc,Technology,Semiconductors
57,ALGN,"Align Technology, Inc",Healthcare,Medical Instruments & Supplies
58,ALH,Alliance Laundry Holdings Inc,Consumer Cyclical,"Furnishings, Fixtures & Appliances"
59,ALHC,Alignment Healthcare Inc,Healthcare,Healthcare Plans
60,ALK,Alaska Air Group Inc,Industrials,Airlines
61,ALKS,Alkermes plc,Healthcare,Drug Manufacturers - Specialty & Generic
62,ALL,Allstate Corp,Financial,Insurance - Property & Casualty
63,ALLE,Allegion plc,Industrials,Security & Protection Services
64,ALLY,Ally Financial Inc,Financial,Credit Services
65,ALM,Almonty Industries Inc,Basic Materials,Other Industrial Metals & Mining
66,ALMS,Alumis Inc,Healthcare,Biotechnology
67,ALNY,Alnylam Pharmaceuticals Inc,Healthcare,Biotechnology
68,ALSN,Allison Transmission Holdings Inc,Consumer Cyclical,Auto Parts
69,AM,Antero Midstream Corp,Energy,Oil & Gas Midstream
70,AMAT,Applied Materials Inc,Technology,Semiconductor Equipment & Materials
71,AMBA,Ambarella Inc,Technology,Semiconductor Equipment & Materials
72,AMBP,Ardagh Metal Packaging S.A,Consumer Cyclical,Packaging & Containers
73,AMCR,Amcor Plc,Consumer Cyclical,Packaging & Containers
74,AMD,Advanced Micro Devices Inc,Technology,Semiconductors
75,AME,Ametek Inc,Industrials,Specialty Industrial Machinery
76,AMGN,AMGEN Inc,Healthcare,Drug Manufacturers - General
77,AMH,American Homes 4 Rent,Real Estate,REIT - Residential
78,AMKR,AMKOR Technology Inc,Technology,Semiconductor Equipment & Materials
79,AMPX,Amprius Technologies Inc,Industrials,Electrical Equipment & Parts
80,AMRX,Amneal Pharmaceuticals Inc,Healthcare,Drug Manufacturers - Specialty & Generic
81,AMRZ,Amrize Ltd,Basic Materials,Building Materials
82,AMT,American Tower Corp,Real Estate,REIT - Specialty
83,AMTM,Amentum Holdings Inc,Industrials,Specialty Business Services
84,AMX,America Movil S.A.B.DE C.V. ADR,Communication Services,Telecom Services
85,AMZN,Amazon.com Inc,Consumer Cyclical,Internet Retail
86,ANET,Arista Networks Inc,Technology,Computer Hardware
87,ANF,Abercrombie & Fitch Co,Consumer Cyclical,Apparel Retail
88,AON,Aon plc,Financial,Insurance Brokers
89,AOS,A.O. Smith Corp,Industrials,Specialty Industrial Machinery
90,APA,APA Corporation,Energy,Oil & Gas E&P
91,APD,Air Products & Chemicals Inc,Basic Materials,Specialty Chemicals
92,APG,APi Group Corporation,Industrials,Engineering & Construction
93,APGE,Apogee Therapeutics Inc,Healthcare,Biotechnology
94,APH,Amphenol Corp,Technology,Electronic Components
95,APLD,Applied Digital Corporation,Technology,Information Technology Services
96,APLE,Apple Hospitality REIT Inc,Real Estate,REIT - Hotel & Motel
97,APLS,Apellis Pharmaceuticals Inc,Healthcare,Biotechnology
98,APO,Apollo Global Management Inc,Financial,Asset Management
99,APP,Applovin Corp,Communication Services,Advertising Agencies
100,APTV,Aptiv PLC,Consumer Cyclical,Auto Parts
101,AQN,Algonquin Power & Utilities Corp,Utilities,Utilities - Diversified
102,AR,Antero Resources Corp,Energy,Oil & Gas E&P
103,ARCC,Ares Capital Corp,Financial,Asset Management
104,ARE,Alexandria Real Estate Equities Inc,Real Estate,REIT - Office
105,ARES,Ares Management Corp,Financial,Asset Management
106,ARIS,Aris Mining Corp,Basic Materials,Gold
107,ARM,Arm Holdings plc. ADR,Technology,Semiconductors
108,ARMK,Aramark,Industrials,Specialty Business Services
109,AROC,Archrock Inc,Energy,Oil & Gas Equipment & Services
110,ARQT,Arcutis Biotherapeutics Inc,Healthcare,Biotechnology
111,ARR,ARMOUR Residential REIT Inc,Real Estate,REIT - Mortgage
112,ARWR,Arrowhead Pharmaceuticals Inc,Healthcare,Biotechnology
113,ARX,Accelerant Holdings,Financial,Insurance Brokers
114,AS,Amer Sports Inc,Consumer Cyclical,Leisure
115,ASB,Associated Banc-Corp,Financial,Banks - Regional
116,ASML,ASML Holding NV,Technology,Semiconductor Equipment & Materials
117,ASO,Academy Sports and Outdoors Inc,Consumer Cyclical,Specialty Retail
118,ASTS,AST SpaceMobile Inc,Technology,Communication Equipment
119,ASX,ASE Technology Holding Co.Ltd ADR,Technology,Semiconductors
120,ATAT,Atour Lifestyle Holdings Ltd ADR,Consumer Cyclical,Lodging
121,ATI,ATI Inc,Industrials,Metal Fabrication
122,ATMU,Atmus Filtration Technologies Inc,Consumer Cyclical,Auto Parts
123,ATO,Atmos Energy Corp,Utilities,Utilities - Regulated Gas
124,AU,AngloGold Ashanti Plc,Basic Materials,Gold
125,AUB,Atlantic Union Bankshares Corp,Financial,Banks - Regional
126,AUGO,Aura Minerals Inc,Basic Materials,Gold
127,AUR,Aurora Innovation Inc,Technology,Information Technology Services
128,AVAV,AeroVironment Inc,Industrials,Aerospace & Defense
129,AVB,Avalonbay Communities Inc,Real Estate,REIT - Residential
130,AVGO,Broadcom Inc,Technology,Semiconductors
131,AVNT,Avient Corp,Basic Materials,Specialty Chemicals
132,AVPT,AvePoint Inc,Technology,Software - Infrastructure
133,AVT,Avnet Inc,Technology,Electronics & Computer Distribution
134,AVTR,Avantor Inc,Healthcare,Medical Instruments & Supplies
135,AWK,American Water Works Co. Inc,Utilities,Utilities - Regulated Water
136,AXIA,Axia Energia ADR,Utilities,Utilities - Renewable
137,AXON,Axon Enterprise Inc,Industrials,Aerospace & Defense
138,AXP,American Express Co,Financial,Credit Services
139,AXTA,Axalta Coating Systems Ltd,Basic Materials,Specialty Chemicals
140,AXTI,AXT Inc,Technology,Semiconductor Equipment & Materials
141,AZN,Astrazeneca plc,Healthcare,Drug Manufacturers - General
142,B,Barrick Mining Corp,Basic Materials,Gold
143,BA,Boeing Co,Industrials,Aerospace & Defense
144,BABA,Alibaba Group Holding Ltd ADR,Consumer Cyclical,Internet Retail
145,BAC,Bank Of America Corp,Financial,Banks - Diversified
146,BAH,Booz Allen Hamilton Holding Corp,Industrials,Consulting Services
147,BALL,Ball Corp,Consumer Cyclical,Packaging & Containers
148,BAM,Brookfield Asset Management Ltd,Financial,Asset Management
149,BANC,Banc of California Inc,Financial,Banks - Regional
150,BAX,Baxter International Inc,Healthcare,Medical Instruments & Supplies
151,BBD,Banco Bradesco S.A. ADR,Financial,Banks - Regional
152,BBIO,BridgeBio Pharma Inc,Healthcare,Biotechnology
153,BBT,Beacon Financial Corp,Financial,Banks - Regional
154,BBVA,Banco Bilbao Vizcaya Argentaria S.A. ADR,Financial,Banks - Diversified
155,BBWI,Bath & Body Works Inc,Consumer Cyclical,Specialty Retail
156,BBY,Best Buy Co. Inc,Consumer Cyclical,Specialty Retail
157,BC,Brunswick Corp,Consumer Cyclical,Recreational Vehicles
158,BCE,BCE Inc,Communication Services,Telecom Services
159,BCRX,Biocryst Pharmaceuticals Inc,Healthcare,Drug Manufacturers - Specialty & Generic
160,BCS,Barclays plc ADR,Financial,Banks - Diversified
161,BDX,Becton Dickinson & Co,Healthcare,Medical Instruments & Supplies
162,BE,Bloom Energy Corp,Industrials,Electrical Equipment & Parts
163,BEAM,Beam Therapeutics Inc,Healthcare,Biotechnology
164,BEKE,KE Holdings Inc ADR,Real Estate,Real Estate Services
165,BEN,"Franklin Resources, Inc",Financial,Asset Management
166,BEPC,Brookfield Renewable Corp,Utilities,Utilities - Renewable
167,BETA,BETA Technologies Inc,Industrials,Aerospace & Defense
168,BF-B,Brown-Forman Corp,Consumer Defensive,Beverages - Wineries & Distilleries
169,BFAM,"Bright Horizons Family Solutions, Inc",Consumer Cyclical,Personal Services
170,BFH,Bread Financial Holdings Inc,Financial,Credit Services
171,BG,Bunge Global SA,Consumer Defensive,Farm Products
172,BGC,BGC Group Inc,Financial,Capital Markets
173,BHF,Brighthouse Financial Inc,Financial,Insurance - Life
174,BHP,BHP Group Limited ADR,Basic Materials,Other Industrial Metals & Mining
175,BIDU,Baidu Inc ADR,Communication Services,Internet Content & Information
176,BIIB,Biogen Inc,Healthcare,Drug Manufacturers - General
177,BILI,Bilibili Inc ADR,Communication Services,Internet Content & Information
178,BILL,BILL Holdings Inc,Technology,Software - Application
179,BIRK,Birkenstock Holding Plc,Consumer Cyclical,Footwear & Accessories
180,BJ,BJ's Wholesale Club Holdings Inc,Consumer Defensive,Discount Stores
181,BK,Bank Of New York Mellon Corp,Financial,Banks - Diversified
182,BKD,Brookdale Senior Living Inc,Healthcare,Medical Care Facilities
183,BKH,Black Hills Corporation,Utilities,Utilities - Regulated Gas
184,BKR,Baker Hughes Co,Energy,Oil & Gas Equipment & Services
185,BKU,BankUnited Inc,Financial,Banks - Regional
186,BKV,BKV Corp,Energy,Oil & Gas E&P
187,BL,BlackLine Inc,Technology,Software - Application
188,BLDR,Builders Firstsource Inc,Industrials,Building Products & Equipment
189,BLK,Blackrock Inc,Financial,Asset Management
190,BLSH,Bullish,Technology,Software - Infrastructure
191,BMNR,BitMine Immersion Technologies Inc,Financial,Capital Markets
192,BMO,Bank of Montreal,Financial,Banks - Diversified
193,BMRN,Biomarin Pharmaceutical Inc,Healthcare,Biotechnology
194,BMY,Bristol-Myers Squibb Co,Healthcare,Drug Manufacturers - General
195,BN,Brookfield Corporation,Financial,Asset Management
196,BNL,Broadstone Net Lease Inc,Real Estate,REIT - Diversified
197,BNS,Bank Of Nova Scotia,Financial,Banks - Diversified
198,BNTX,BioNTech SE ADR,Healthcare,Biotechnology
199,BOBS,Bob's Discount Furniture Inc,Consumer Cyclical,Specialty Retail
200,BOX,Box Inc,Technology,Software - Infrastructure
201,BP,BP plc ADR,Energy,Oil & Gas Integrated
202,BPRE,Bluerock Private Real Estate Fund,Financial,Closed-End Fund - Debt
203,BR,"Broadridge Financial Solutions, Inc",Technology,Information Technology Services
204,BRBR,Bellring Brands Inc,Consumer Defensive,Packaged Foods
205,BRK-B,Berkshire Hathaway Inc,Financial,Insurance - Diversified
206,BRKR,Bruker Corp,Healthcare,Medical Devices
207,BRO,"Brown & Brown, Inc",Financial,Insurance Brokers
208,BROS,Dutch Bros Inc,Consumer Cyclical,Restaurants
209,BRSL,Brightstar Lottery PLC,Consumer Cyclical,Gambling
210,BRX,Brixmor Property Group Inc,Real Estate,REIT - Retail
211,BRZE,Braze Inc,Technology,Software - Application
212,BSBR,Banco Santander (Brasil) S.A. ADR,Financial,Banks - Regional
213,BSX,Boston Scientific Corp,Healthcare,Medical Devices
214,BSY,Bentley Systems Inc,Technology,Software - Application
215,BTE,Baytex Energy Corp,Energy,Oil & Gas E&P
216,BTG,B2gold Corp,Basic Materials,Gold
217,BTI,British American Tobacco Plc ADR,Consumer Defensive,Tobacco
218,BTSG,BrightSpring Health Services Inc,Healthcare,Health Information Services
219,BTU,Peabody Energy Corp,Energy,Thermal Coal
220,BUD,Anheuser-Busch InBev SA/NV ADR,Consumer Defensive,Beverages - Brewers
221,BULL,Webull Corp,Technology,Software - Application
222,BURL,Burlington Stores Inc,Consumer Cyclical,Apparel Retail
223,BVN,Compania de Minas Buenaventura S.A. ADR,Basic Materials,Other Precious Metals & Mining
224,BWA,BorgWarner Inc,Consumer Cyclical,Auto Parts
225,BWIN,The Baldwin Insurance Group Inc,Financial,Insurance Brokers
226,BWXT,BWX Technologies Inc,Industrials,Aerospace & Defense
227,BX,Blackstone Inc,Financial,Asset Management
228,BXMT,Blackstone Mortgage Trust Inc,Real Estate,REIT - Mortgage
229,BXP,BXP Inc,Real Estate,REIT - Office
230,BXSL,Blackstone Secured Lending Fund,Financial,Asset Management
231,BYD,Boyd Gaming Corp,Consumer Cyclical,Resorts & Casinos
232,BZ,Kanzhun Ltd ADR,Communication Services,Internet Content & Information
233,C,Citigroup Inc,Financial,Banks - Diversified
234,CAG,Conagra Brands Inc,Consumer Defensive,Packaged Foods
235,CAH,"Cardinal Health, Inc",Healthcare,Medical Distribution
236,CAI,Caris Life Sciences Inc,Healthcare,Biotechnology
237,CAKE,Cheesecake Factory Inc,Consumer Cyclical,Restaurants
238,CALM,"Cal-Maine Foods, Inc",Consumer Defensive,Farm Products
239,CALX,Calix Inc,Technology,Software - Infrastructure
240,CALY,Callaway Golf Co,Consumer Cyclical,Leisure
241,CARG,CarGurus Inc,Consumer Cyclical,Auto & Truck Dealerships
242,CARR,Carrier Global Corp,Industrials,Building Products & Equipment
243,CART,Maplebear Inc,Consumer Cyclical,Internet Retail
244,CAT,Caterpillar Inc,Industrials,Farm & Heavy Construction Machinery
245,CAVA,Cava Group Inc,Consumer Cyclical,Restaurants
246,CB,Chubb Limited,Financial,Insurance - Property & Casualty
247,CBOE,Cboe Global Markets Inc,Financial,Financial Data & Stock Exchanges
248,CBRE,CBRE Group Inc,Real Estate,Real Estate Services
249,CBSH,"Commerce Bancshares, Inc",Financial,Banks - Regional
250,CC,Chemours Company,Basic Materials,Specialty Chemicals
251,CCC,CCC Intelligent Solutions Holdings Inc,Technology,Software - Application
252,CCEP,Coca-Cola Europacific Partners Plc,Consumer Defensive,Beverages - Non-Alcoholic
253,CCI,Crown Castle Inc,Real Estate,REIT - Specialty
254,CCJ,Cameco Corp,Energy,Uranium
255,CCK,"Crown Holdings, Inc",Consumer Cyclical,Packaging & Containers
256,CCL,Carnival Corp,Consumer Cyclical,Travel Services
257,CDE,Coeur Mining Inc,Basic Materials,Gold
258,CDNS,"Cadence Design Systems, Inc",Technology,Software - Application
259,CDP,COPT Defense Properties,Real Estate,REIT - Office
260,CDW,CDW Corp,Technology,Information Technology Services
261,CE,Celanese Corp,Basic Materials,Chemicals
262,CEF,Sprott Physical Gold and Silver Trust,Financial,Asset Management
263,CEG,Constellation Energy Corporation,Utilities,Utilities - Independent Power Producers
264,CELH,Celsius Holdings Inc,Consumer Defensive,Beverages - Non-Alcoholic
265,CENX,Century Aluminum Co,Basic Materials,Aluminum
266,CF,CF Industries Holdings Inc,Basic Materials,Agricultural Inputs
267,CFG,Citizens Financial Group Inc,Financial,Banks - Regional
268,CFLT,Confluent Inc,Technology,Software - Infrastructure
269,CG,Carlyle Group Inc,Financial,Asset Management
270,CGAU,Centerra Gold Inc,Basic Materials,Gold
271,CGNX,Cognex Corp,Technology,Scientific & Technical Instruments
272,CGON,Cg Oncology Inc,Healthcare,Biotechnology
273,CHD,"Church & Dwight Co., Inc",Consumer Defensive,Household & Personal Products
274,CHDN,"Churchill Downs, Inc",Consumer Cyclical,Gambling
275,CHKP,Check Point Software Technologies Ltd,Technology,Software - Infrastructure
276,CHRD,Chord Energy Corp,Energy,Oil & Gas E&P
277,CHRW,"C.H. Robinson Worldwide, Inc",Industrials,Integrated Freight & Logistics
278,CHTR,Charter Communications Inc,Communication Services,Telecom Services
279,CHWY,Chewy Inc,Consumer Cyclical,Internet Retail
280,CHYM,Chime Financial Inc,Technology,Software - Application
281,CI,Cigna Group,Healthcare,Healthcare Plans
282,CIEN,CIENA Corp,Technology,Communication Equipment
283,CIFR,Cipher Digital Inc,Technology,Information Technology Services
284,CIG,Cia Energetica DE Minas Gerais - Cemig ADR,Utilities,Utilities - Diversified
285,CL,Colgate-Palmolive Co,Consumer Defensive,Household & Personal Products
286,CLBT,Cellebrite DI Ltd,Technology,Software - Infrastructure
287,CLDX,Celldex Therapeutics Inc,Healthcare,Biotechnology
288,CLF,Cleveland-Cliffs Inc,Basic Materials,Steel
289,CLM,Cornerstone Strategic Investment Fund Inc,Financial,Closed-End Fund - Equity
290,CLMT,Calumet Inc,Basic Materials,Specialty Chemicals
291,CLS,"Celestica, Inc",Technology,Electronic Components
292,CLSK,Cleanspark Inc,Financial,Capital Markets
293,CLX,Clorox Co,Consumer Defensive,Household & Personal Products
294,CM,Canadian Imperial Bank Of Commerce,Financial,Banks - Diversified
295,CMBT,CMB.Tech NV,Energy,Oil & Gas Midstream
296,CMC,Commercial Metals Co,Basic Materials,Steel
297,CMCSA,Comcast Corp,Communication Services,Telecom Services
298,CME,CME Group Inc,Financial,Financial Data & Stock Exchanges
299,CMG,Chipotle Mexican Grill,Consumer Cyclical,Restaurants
300,CMI,Cummins Inc,Industrials,Specialty Industrial Machinery
301,CMS,CMS Energy Corporation,Utilities,Utilities - Regulated Electric
302,CNC,Centene Corp,Healthcare,Healthcare Plans
303,CNH,CNH Industrial NV,Industrials,Farm & Heavy Construction Machinery
304,CNI,Canadian National Railway Co,Industrials,Railroads
305,CNK,Cinemark Holdings Inc,Communication Services,Entertainment
306,CNM,Core & Main Inc,Industrials,Industrial Distribution
307,CNP,Centerpoint Energy Inc,Utilities,Utilities - Regulated Electric
308,CNQ,Canadian Natural Resources Ltd,Energy,Oil & Gas E&P
309,CNR,Core Natural Resources Inc,Energy,Thermal Coal
310,CNTA,Centessa Pharmaceuticals plc ADR,Healthcare,Biotechnology
311,CNX,CNX Resources Corp,Energy,Oil & Gas E&P
312,COCO,Vita Coco Company Inc,Consumer Defensive,Beverages - Non-Alcoholic
313,COF,Capital One Financial Corp,Financial,Credit Services
314,COGT,Cogent Biosciences Inc,Healthcare,Biotechnology
315,COHR,Coherent Corp,Technology,Scientific & Technical Instruments
316,COIN,Coinbase Global Inc,Financial,Financial Data & Stock Exchanges
317,COLB,"Columbia Banking System, Inc",Financial,Banks - Regional
318,COLD,Americold Realty Trust Inc,Real Estate,REIT - Industrial
319,COMP,Compass Inc,Real Estate,Real Estate Services
320,CON,Concentra Group Holdings Parent Inc,Healthcare,Medical Care Facilities
321,COO,"Cooper Companies, Inc",Healthcare,Medical Instruments & Supplies
322,COP,Conoco Phillips,Energy,Oil & Gas E&P
323,COR,Cencora Inc,Healthcare,Medical Distribution
324,CORT,Corcept Therapeutics Inc,Healthcare,Biotechnology
325,CORZ,Core Scientific Inc,Technology,Software - Infrastructure
326,COST,Costco Wholesale Corp,Consumer Defensive,Discount Stores
327,CP,Canadian Pacific Kansas City Limited,Industrials,Railroads
328,CPB,Campbells Co,Consumer Defensive,Packaged Foods
329,CPNG,Coupang Inc,Consumer Cyclical,Internet Retail
330,CPRI,Capri Holdings Ltd,Consumer Cyclical,Luxury Goods
331,CPRT,"Copart, Inc",Industrials,Specialty Business Services
332,CPRX,Catalyst Pharmaceuticals Inc,Healthcare,Biotechnology
333,CPT,Camden Property Trust,Real Estate,REIT - Residential
334,CRBG,Corebridge Financial Inc,Financial,Asset Management
335,CRC,California Resources Corporation,Energy,Oil & Gas E&P
336,CRCL,Circle Internet Group Inc,Financial,Capital Markets
337,CRDO,Credo Technology Group Holding Ltd,Technology,Semiconductors
338,CRGY,Crescent Energy Co,Energy,Oil & Gas E&P
339,CRH,CRH Plc,Basic Materials,Building Materials
340,CRK,"Comstock Resources, Inc",Energy,Oil & Gas E&P
341,CRL,Charles River Laboratories International Inc,Healthcare,Diagnostics & Research
342,CRM,Salesforce Inc,Technology,Software - Application
343,CRNX,Crinetics Pharmaceuticals Inc,Healthcare,Biotechnology
344,CROX,Crocs Inc,Consumer Cyclical,Footwear & Accessories
345,CRS,Carpenter Technology Corp,Industrials,Metal Fabrication
346,CRSP,CRISPR Therapeutics AG,Healthcare,Biotechnology
347,CRWD,Crowdstrike Holdings Inc,Technology,Software - Infrastructure
348,CRWV,CoreWeave Inc,Technology,Software - Infrastructure
349,CSAN,Cosan S.A ADR,Energy,Oil & Gas Refining & Marketing
350,CSCO,"Cisco Systems, Inc",Technology,Communication Equipment
351,CSGP,"Costar Group, Inc",Real Estate,Real Estate Services
352,CSTM,Constellium SE,Basic Materials,Aluminum
353,CSX,CSX Corp,Industrials,Railroads
354,CTAS,Cintas Corporation,Industrials,Specialty Business Services
355,CTRA,Coterra Energy Inc,Energy,Oil & Gas E&P
356,CTRE,CareTrust REIT Inc,Real Estate,REIT - Healthcare Facilities
357,CTRI,Centuri Holdings Inc,Utilities,Utilities - Regulated Gas
358,CTSH,Cognizant Technology Solutions Corp,Technology,Information Technology Services
359,CTVA,Corteva Inc,Basic Materials,Agricultural Inputs
360,CUBE,CubeSmart,Real Estate,REIT - Industrial
361,CUK,Carnival plc ADR,Consumer Cyclical,Travel Services
362,CURB,Curbline Properties Corp,Real Estate,REIT - Retail
363,CUZ,Cousins Properties Inc,Real Estate,REIT - Office
364,CVBF,CVB Financial Corp,Financial,Banks - Regional
365,CVE,Cenovus Energy Inc,Energy,Oil & Gas Integrated
366,CVI,CVR Energy Inc,Energy,Oil & Gas Refining & Marketing
367,CVLT,Commvault Systems Inc,Technology,Software - Application
368,CVNA,Carvana Co,Consumer Cyclical,Auto & Truck Dealerships
369,CVS,CVS Health Corp,Healthcare,Healthcare Plans
370,CVX,Chevron Corp,Energy,Oil & Gas Integrated
371,CWAN,Clearwater Analytics Holdings Inc,Technology,Software - Application
372,CWEN,Clearway Energy Inc,Utilities,Utilities - Renewable
373,CWK,Cushman & Wakefield Ltd,Real Estate,Real Estate Services
374,CWST,"Casella Waste Systems, Inc",Industrials,Waste Management
375,CX,Cemex S.A.B. De C.V. ADR,Basic Materials,Building Materials
376,CYTK,Cytokinetics Inc,Healthcare,Biotechnology
377,CZR,Caesars Entertainment Inc,Consumer Cyclical,Resorts & Casinos
378,D,Dominion Energy Inc,Utilities,Utilities - Regulated Electric
379,DAL,"Delta Air Lines, Inc",Industrials,Airlines
380,DAN,Dana Inc,Consumer Cyclical,Auto Parts
381,DAR,Darling Ingredients Inc,Consumer Defensive,Packaged Foods
382,DASH,DoorDash Inc,Consumer Cyclical,Internet Retail
383,DAWN,Day One Biopharmaceuticals Inc,Healthcare,Biotechnology
384,DB,Deutsche Bank AG,Financial,Banks - Regional
385,DBRG,DigitalBridge Group Inc,Financial,Asset Management
386,DBX,Dropbox Inc,Technology,Software - Infrastructure
387,DCI,Donaldson Co. Inc,Industrials,Specialty Industrial Machinery
388,DD,DuPont de Nemours Inc,Basic Materials,Specialty Chemicals
389,DDOG,Datadog Inc,Technology,Software - Application
390,DE,Deere & Co,Industrials,Farm & Heavy Construction Machinery
391,DECK,Deckers Outdoor Corp,Consumer Cyclical,Footwear & Accessories
392,DELL,Dell Technologies Inc,Technology,Computer Hardware
393,DEO,Diageo plc ADR,Consumer Defensive,Beverages - Wineries & Distilleries
394,DG,Dollar General Corp,Consumer Defensive,Discount Stores
395,DGX,"Quest Diagnostics, Inc",Healthcare,Diagnostics & Research
396,DHI,D.R. Horton Inc,Consumer Cyclical,Residential Construction
397,DHR,Danaher Corp,Healthcare,Diagnostics & Research
398,DHT,DHT Holdings Inc,Energy,Oil & Gas Midstream
399,DINO,HF Sinclair Corp,Energy,Oil & Gas Refining & Marketing
400,DIS,Walt Disney Co,Communication Services,Entertainment
401,DJT,Trump Media & Technology Group Corp,Communication Services,Internet Content & Information
402,DK,Delek US Holdings Inc,Energy,Oil & Gas Refining & Marketing
403,DKNG,DraftKings Inc,Consumer Cyclical,Gambling
404,DKS,"Dicks Sporting Goods, Inc",Consumer Cyclical,Specialty Retail
405,DLB,Dolby Laboratories Inc,Industrials,Specialty Business Services
406,DLO,DLocal Limited,Technology,Software - Infrastructure
407,DLR,Digital Realty Trust Inc,Real Estate,REIT - Specialty
408,DLTR,Dollar Tree Inc,Consumer Defensive,Discount Stores
409,DNLI,Denali Therapeutics Inc,Healthcare,Biotechnology
410,DNN,Denison Mines Corp,Energy,Uranium
411,DNOW,Dnow Inc,Industrials,Industrial Distribution
412,DNTH,Dianthus Therapeutics Inc,Healthcare,Biotechnology
413,DOC,Healthpeak Properties Inc,Real Estate,REIT - Healthcare Facilities
414,DOCN,DigitalOcean Holdings Inc,Technology,Software - Infrastructure
415,DOCS,Doximity Inc,Healthcare,Health Information Services
416,DOCU,DocuSign Inc,Technology,Software - Application
417,DOV,Dover Corp,Industrials,Specialty Industrial Machinery
418,DOW,Dow Inc,Basic Materials,Chemicals
419,DOX,Amdocs Ltd,Technology,Software - Infrastructure
420,DPZ,Dominos Pizza Inc,Consumer Cyclical,Restaurants
421,DRI,"Darden Restaurants, Inc",Consumer Cyclical,Restaurants
422,DRS,Leonardo DRS Inc,Industrials,Aerospace & Defense
423,DT,Dynatrace Inc,Technology,Software - Application
424,DTE,DTE Energy Co,Utilities,Utilities - Regulated Electric
425,DTM,DT Midstream Inc,Energy,Oil & Gas Midstream
426,DUK,Duke Energy Corp,Utilities,Utilities - Regulated Electric
427,DUOL,Duolingo Inc,Technology,Software - Application
428,DVA,DaVita Inc,Healthcare,Medical Care Facilities
429,DVN,Devon Energy Corp,Energy,Oil & Gas E&P
430,DX,"Dynex Capital, Inc",Real Estate,REIT - Mortgage
431,DXCM,Dexcom Inc,Healthcare,Medical Devices
432,DYN,Dyne Therapeutics Inc,Healthcare,Biotechnology
433,EA,"Electronic Arts, Inc",Communication Services,Electronic Gaming & Multimedia
434,EAT,"Brinker International, Inc",Consumer Cyclical,Restaurants
435,EBAY,EBay Inc,Consumer Cyclical,Internet Retail
436,EBC,Eastern Bankshares Inc,Financial,Banks - Regional
437,EC,Ecopetrol SA ADR,Energy,Oil & Gas Integrated
438,ECL,"Ecolab, Inc",Basic Materials,Specialty Chemicals
439,ED,"Consolidated Edison, Inc",Utilities,Utilities - Regulated Electric
440,EDU,New Oriental Education & Technology Group Inc. ADR,Consumer Defensive,Education & Training Services
441,EFX,"Equifax, Inc",Industrials,Consulting Services
442,EGO,Eldorado Gold Corp,Basic Materials,Gold
443,EHC,Encompass Health Corp,Healthcare,Medical Care Facilities
444,EIX,Edison International,Utilities,Utilities - Regulated Electric
445,EL,"Estee Lauder Cos., Inc",Consumer Defensive,Household & Personal Products
446,ELAN,Elanco Animal Health Inc,Healthcare,Drug Manufacturers - Specialty & Generic
447,ELF,e.l.f. Beauty Inc,Consumer Defensive,Household & Personal Products
448,ELS,Equity Lifestyle Properties Inc,Real Estate,REIT - Residential
449,ELV,Elevance Health Inc,Healthcare,Healthcare Plans
450,EMBJ,Embraer S.A. ADR,Industrials,Aerospace & Defense
451,EMN,Eastman Chemical Co,Basic Materials,Specialty Chemicals
452,EMR,Emerson Electric Co,Industrials,Specialty Industrial Machinery
453,ENB,Enbridge Inc,Energy,Oil & Gas Midstream
454,ENPH,Enphase Energy Inc,Technology,Solar
455,ENTG,Entegris Inc,Technology,Semiconductor Equipment & Materials
456,EOG,"EOG Resources, Inc",Energy,Oil & Gas E&P
457,EPAM,EPAM Systems Inc,Technology,Information Technology Services
458,EPD,Enterprise Products Partners L P,Energy,Oil & Gas Midstream
459,EPR,EPR Properties,Real Estate,REIT - Specialty
460,EPRT,Essential Properties Realty Trust Inc,Real Estate,REIT - Retail
461,EQH,Equitable Holdings Inc,Financial,Asset Management
462,EQNR,Equinor ASA ADR,Energy,Oil & Gas Integrated
463,EQPT,Equipmentshare.Com Inc,Industrials,Rental & Leasing Services
464,EQR,Equity Residential Properties Trust,Real Estate,REIT - Residential
465,EQT,EQT Corp,Energy,Oil & Gas E&P
466,EQX,Equinox Gold Corp,Basic Materials,Gold
467,ERAS,Erasca Inc,Healthcare,Biotechnology
468,ERIC,Telefonaktiebolaget L M Ericsson ADR,Technology,Communication Equipment
469,ERO,Ero Copper Corp,Basic Materials,Copper
470,ES,Eversource Energy,Utilities,Utilities - Regulated Electric
471,ESI,Element Solutions Inc,Basic Materials,Specialty Chemicals
472,ESTC,Elastic N.V,Technology,Software - Application
473,ET,Energy Transfer LP,Energy,Oil & Gas Midstream
474,ETN,Eaton Corporation plc,Industrials,Specialty Industrial Machinery
475,ETOR,Etoro Group Ltd,Financial,Capital Markets
476,ETR,Entergy Corp,Utilities,Utilities - Regulated Electric
477,ETSY,Etsy Inc,Consumer Cyclical,Internet Retail
478,EVRG,Evergy Inc,Utilities,Utilities - Regulated Electric
479,EW,Edwards Lifesciences Corp,Healthcare,Medical Devices
480,EWBC,"East West Bancorp, Inc",Financial,Banks - Regional
481,EWTX,Edgewise Therapeutics Inc,Healthcare,Biotechnology
482,EXAS,Exact Sciences Corp,Healthcare,Diagnostics & Research
483,EXC,Exelon Corp,Utilities,Utilities - Regulated Electric
484,EXE,Expand Energy Corp,Energy,Oil & Gas E&P
485,EXEL,Exelixis Inc,Healthcare,Biotechnology
486,EXK,Endeavour Silver Corp,Basic Materials,Silver
487,EXLS,ExlService Holdings Inc,Technology,Information Technology Services
488,EXPD,"Expeditors International Of Washington, Inc",Industrials,Integrated Freight & Logistics
489,EXPE,Expedia Group Inc,Consumer Cyclical,Travel Services
490,EXR,Extra Space Storage Inc,Real Estate,REIT - Industrial
491,EYE,National Vision Holdings Inc,Consumer Cyclical,Specialty Retail
492,F,Ford Motor Co,Consumer Cyclical,Auto Manufacturers
493,FAF,First American Financial Corp,Financial,Insurance - Specialty
494,FANG,Diamondback Energy Inc,Energy,Oil & Gas E&P
495,FAST,Fastenal Co,Industrials,Industrial Distribution
496,FBIN,Fortune Brands Innovations Inc,Industrials,Building Products & Equipment
497,FBP,First Bancorp PR,Financial,Banks - Regional
498,FCPT,Four Corners Property Trust Inc,Real Estate,REIT - Retail
499,FCX,Freeport-McMoRan Inc,Basic Materials,Copper
500,FDS,Factset Research Systems Inc,Financial,Financial Data & Stock Exchanges
501,FDX,Fedex Corp,Industrials,Integrated Freight & Logistics
502,FE,Firstenergy Corp,Utilities,Utilities - Regulated Electric
503,FER,Ferrovial S.E,Industrials,Engineering & Construction
504,FERG,Ferguson Enterprises Inc,Industrials,Industrial Distribution
505,FFBC,First Financial Bancorp,Financial,Banks - Regional
506,FFIN,"First Financial Bankshares, Inc",Financial,Banks - Regional
507,FFIV,F5 Inc,Technology,Software - Infrastructure
508,FG,F&G Annuities & Life Inc,Financial,Insurance - Life
509,FHB,First Hawaiian INC,Financial,Banks - Regional
510,FHN,First Horizon Corporation,Financial,Banks - Regional
511,FIBK,First Interstate BancSystem Inc,Financial,Banks - Regional
512,FIG,Figma Inc,Technology,Software - Application
513,FIGR,Figure Technology Solutions Inc,Financial,Capital Markets
514,FIGS,Figs Inc,Consumer Cyclical,Apparel Manufacturing
515,FIS,"Fidelity National Information Services, Inc",Technology,Information Technology Services
516,FISV,"Fiserv, Inc",Technology,Information Technology Services
517,FITB,Fifth Third Bancorp,Financial,Banks - Regional
518,FIVE,Five Below Inc,Consumer Cyclical,Specialty Retail
519,FLEX,Flex Ltd,Technology,Electronic Components
520,FLG,Flagstar Bank NA,Financial,Banks - Regional
521,FLNC,Fluence Energy Inc,Utilities,Utilities - Renewable
522,FLR,Fluor Corporation,Industrials,Engineering & Construction
523,FLS,Flowserve Corp,Industrials,Specialty Industrial Machinery
524,FLUT,Flutter Entertainment Plc,Consumer Cyclical,Gambling
525,FLY,Firefly Aerospace Inc,Industrials,Aerospace & Defense
526,FNB,F.N.B. Corp,Financial,Banks - Regional
527,FND,Floor & Decor Holdings Inc,Consumer Cyclical,Home Improvement Retail
528,FNF,Fidelity National Financial Inc,Financial,Insurance - Specialty
529,FNV,Franco-Nevada Corporation,Basic Materials,Gold
530,FOLD,Amicus Therapeutics Inc,Healthcare,Biotechnology
531,FORM,FormFactor Inc,Technology,Semiconductor Equipment & Materials
532,FOUR,Shift4 Payments Inc,Technology,Software - Infrastructure
533,FOX,Fox Corporation,Communication Services,Entertainment
534,FOXA,Fox Corporation,Communication Services,Entertainment
535,FPS,Forgent Power Solutions Inc,Industrials,Electrical Equipment & Parts
536,FR,"First Industrial Realty Trust, Inc",Real Estate,REIT - Industrial
537,FRMI,Fermi Inc,Real Estate,REIT - Specialty
538,FRO,Frontline Plc,Energy,Oil & Gas Midstream
539,FROG,JFrog Ltd,Technology,Software - Application
540,FRPT,Freshpet Inc,Consumer Defensive,Packaged Foods
541,FRSH,Freshworks Inc,Technology,Software - Application
542,FRT,Federal Realty Investment Trust,Real Estate,REIT - Retail
543,FSK,FS KKR Capital Corp,Financial,Asset Management
544,FSLR,First Solar Inc,Technology,Solar
545,FSLY,Fastly Inc,Technology,Software - Application
546,FSM,Fortuna Mining Corp,Basic Materials,Gold
547,FTAI,FTAI Aviation Ltd,Industrials,Rental & Leasing Services
548,FTI,TechnipFMC plc,Energy,Oil & Gas Equipment & Services
549,FTNT,Fortinet Inc,Technology,Software - Infrastructure
550,FTS,Fortis Inc,Utilities,Utilities - Regulated Electric
551,FTV,Fortive Corp,Technology,Scientific & Technical Instruments
552,FULT,Fulton Financial Corp,Financial,Banks - Regional
553,FUTU,Futu Holdings Ltd ADR,Financial,Capital Markets
554,FWONK,Liberty Media Corp,Communication Services,Entertainment
555,G,Genpact Ltd,Technology,Information Technology Services
556,GAP,"Gap, Inc",Consumer Cyclical,Apparel Retail
557,GBCI,"Glacier Bancorp, Inc",Financial,Banks - Regional
558,GBDC,Golub Capital BDC Inc,Financial,Asset Management
559,GBTG,Global Business Travel Group Inc,Consumer Cyclical,Travel Services
560,GD,General Dynamics Corp,Industrials,Aerospace & Defense
561,GDDY,Godaddy Inc,Technology,Software - Infrastructure
562,GDS,GDS Holdings Limited ADR,Technology,Information Technology Services
563,GE,GE Aerospace,Industrials,Aerospace & Defense
564,GEHC,GE HealthCare Technologies Inc,Healthcare,Medical Devices
565,GEN,Gen Digital Inc,Technology,Software - Infrastructure
566,GEO,"Geo Group, Inc",Industrials,Security & Protection Services
567,GEV,GE Vernova Inc,Industrials,Specialty Industrial Machinery
568,GFI,Gold Fields Ltd ADR,Basic Materials,Gold
569,GFL,GFL Environmental Inc,Industrials,Waste Management
570,GFS,GlobalFoundries Inc,Technology,Semiconductors
571,GGAL,Grupo Financiero Galicia ADR,Financial,Banks - Regional
572,GGB,Gerdau S.A. ADR,Basic Materials,Steel
573,GGG,Graco Inc,Industrials,Specialty Industrial Machinery
574,GH,Guardant Health Inc,Healthcare,Diagnostics & Research
575,GIL,Gildan Activewear Inc,Consumer Cyclical,Apparel Manufacturing
576,GILD,"Gilead Sciences, Inc",Healthcare,Drug Manufacturers - General
577,GIS,"General Mills, Inc",Consumer Defensive,Packaged Foods
578,GKOS,Glaukos Corporation,Healthcare,Medical Devices
579,GLBE,Global E Online Ltd,Consumer Cyclical,Internet Retail
580,GLNG,Golar Lng,Energy,Oil & Gas Midstream
581,GLPI,Gaming and Leisure Properties Inc,Real Estate,REIT - Specialty
582,GLW,"Corning, Inc",Technology,Electronic Components
583,GLXY,Galaxy Digital Inc,Financial,Capital Markets
584,GM,General Motors Company,Consumer Cyclical,Auto Manufacturers
585,GMAB,Genmab ADR,Healthcare,Biotechnology
586,GME,Gamestop Corporation,Consumer Cyclical,Specialty Retail
587,GMED,Globus Medical Inc,Healthcare,Medical Devices
588,GNL,Global Net Lease Inc,Real Estate,REIT - Diversified
589,GNRC,Generac Holdings Inc,Industrials,Specialty Industrial Machinery
590,GNTX,Gentex Corp,Consumer Cyclical,Auto Parts
591,GNW,Genworth Financial Inc,Financial,Insurance - Life
592,GOF,Guggenheim Strategic Opportunities Fund,Financial,Closed-End Fund - Debt
593,GOOG,Alphabet Inc,Communication Services,Internet Content & Information
594,GOOGL,Alphabet Inc,Communication Services,Internet Content & Information
595,GPC,Genuine Parts Co,Consumer Cyclical,Auto Parts
596,GPCR,Structure Therapeutics Inc ADR,Healthcare,Biotechnology
597,GPGI,GPGI Inc,Industrials,Metal Fabrication
598,GPK,Graphic Packaging Holding Co,Consumer Cyclical,Packaging & Containers
599,GPN,"Global Payments, Inc",Technology,Software - Infrastructure
600,GRAB,Grab Holdings Limited,Technology,Software - Application
601,GRMN,Garmin Ltd,Technology,Scientific & Technical Instruments
602,GRND,Grindr Inc,Technology,Software - Application
603,GS,"Goldman Sachs Group, Inc",Financial,Capital Markets
604,GSK,GSK Plc ADR,Healthcare,Drug Manufacturers - General
605,GTES,Gates Industrial Corporation plc,Industrials,Specialty Industrial Machinery
606,GTLB,Gitlab Inc,Technology,Software - Infrastructure
607,GTLS,Chart Industries Inc,Industrials,Specialty Industrial Machinery
608,GTX,Garrett Motion Inc,Consumer Cyclical,Auto Parts
609,GWRE,Guidewire Software Inc,Technology,Software - Application
610,GXO,GXO Logistics Inc,Industrials,Integrated Freight & Logistics
611,H,Hyatt Hotels Corporation,Consumer Cyclical,Lodging
612,HAE,Haemonetics Corp,Healthcare,Medical Devices
613,HAFN,Hafnia Ltd,Industrials,Marine Shipping
614,HAL,Halliburton Co,Energy,Oil & Gas Equipment & Services
615,HALO,Halozyme Therapeutics Inc,Healthcare,Biotechnology
616,HAS,"Hasbro, Inc",Consumer Cyclical,Leisure
617,HASI,HA Sustainable Infrastructure Capital Inc,Financial,Asset Management
618,HAYW,Hayward Holdings Inc,Industrials,Electrical Equipment & Parts
619,HBAN,"Huntington Bancshares, Inc",Financial,Banks - Regional
620,HBM,Hudbay Minerals Inc,Basic Materials,Copper
621,HCA,HCA Healthcare Inc,Healthcare,Medical Care Facilities
622,HCC,Warrior Met Coal Inc,Basic Materials,Coking Coal
623,HD,"Home Depot, Inc",Consumer Cyclical,Home Improvement Retail
624,HDB,HDFC Bank Ltd. ADR,Financial,Banks - Regional
625,HE,"Hawaiian Electric Industries, Inc",Utilities,Utilities - Regulated Electric
626,HESM,Hess Midstream LP,Energy,Oil & Gas Midstream
627,HGV,Hilton Grand Vacations Inc,Consumer Cyclical,Resorts & Casinos
628,HIG,Hartford Insurance Group Inc.(The),Financial,Insurance - Diversified
629,HIMS,Hims & Hers Health Inc,Healthcare,Drug Manufacturers - Specialty & Generic
630,HIW,"Highwoods Properties, Inc",Real Estate,REIT - Office
631,HL,Hecla Mining Co,Basic Materials,Other Precious Metals & Mining
632,HLN,Haleon plc ADR,Healthcare,Drug Manufacturers - Specialty & Generic
633,HLT,Hilton Worldwide Holdings Inc,Consumer Cyclical,Lodging
634,HMC,Honda Motor ADR,Consumer Cyclical,Auto Manufacturers
635,HMY,Harmony Gold Mining Co Ltd ADR,Basic Materials,Gold
636,HNGE,Hinge Health Inc,Healthcare,Health Information Services
637,HOLX,"Hologic, Inc",Healthcare,Medical Instruments & Supplies
638,HOMB,Home Bancshares Inc,Financial,Banks - Regional
639,HON,Honeywell International Inc,Industrials,Conglomerates
640,HOOD,Robinhood Markets Inc,Financial,Capital Markets
641,HP,"Helmerich & Payne, Inc",Energy,Oil & Gas Drilling
642,HPE,Hewlett Packard Enterprise Co,Technology,Communication Equipment
643,HPQ,HP Inc,Technology,Computer Hardware
644,HQY,Healthequity Inc,Healthcare,Health Information Services
645,HR,Healthcare Realty Trust Inc,Real Estate,REIT - Healthcare Facilities
646,HRB,H&R Block Inc,Consumer Cyclical,Personal Services
647,HRL,Hormel Foods Corp,Consumer Defensive,Packaged Foods
648,HSAI,Hesai Group ADR,Consumer Cyclical,Auto Parts
649,HSBC,HSBC Holdings plc ADR,Financial,Banks - Diversified
650,HSIC,Henry Schein Inc,Healthcare,Medical Distribution
651,HST,Host Hotels & Resorts Inc,Real Estate,REIT - Hotel & Motel
652,HSY,Hershey Company,Consumer Defensive,Confectioners
653,HTGC,Hercules Capital Inc,Financial,Asset Management
654,HTHT,H World Group Limited ADR,Consumer Cyclical,Lodging
655,HUBG,"Hub Group, Inc",Industrials,Integrated Freight & Logistics
656,HUBS,HubSpot Inc,Technology,Software - Application
657,HUM,Humana Inc,Healthcare,Healthcare Plans
658,HUN,Huntsman Corp,Basic Materials,Chemicals
659,HUT,Hut 8 Corp,Financial,Capital Markets
660,HWC,Hancock Whitney Corp,Financial,Banks - Regional
661,HWM,Howmet Aerospace Inc,Industrials,Aerospace & Defense
662,HXL,Hexcel Corp,Industrials,Aerospace & Defense
663,HYMC,Hycroft Mining Holding Corporation,Basic Materials,Gold
664,IAC,IAC Inc,Communication Services,Internet Content & Information
665,IAG,Iamgold Corp,Basic Materials,Gold
666,IBKR,Interactive Brokers Group Inc,Financial,Capital Markets
667,IBM,International Business Machines Corp,Technology,Information Technology Services
668,IBN,ICICI Bank Ltd. ADR,Financial,Banks - Regional
669,IBRX,ImmunityBio Inc,Healthcare,Biotechnology
670,ICE,Intercontinental Exchange Inc,Financial,Financial Data & Stock Exchanges
671,ICL,ICL Group Ltd,Basic Materials,Agricultural Inputs
672,ICLR,Icon Plc,Healthcare,Diagnostics & Research
673,IDYA,Ideaya Biosciences Inc,Healthcare,Biotechnology
674,IEP,Icahn Enterprises L P,Energy,Oil & Gas Refining & Marketing
675,IEX,Idex Corporation,Industrials,Specialty Industrial Machinery
676,IFF,International Flavors & Fragrances Inc,Basic Materials,Specialty Chemicals
677,IHS,IHS Holding Ltd,Real Estate,Real Estate Services
678,ILMN,Illumina Inc,Healthcare,Diagnostics & Research
679,IMAX,Imax Corp,Communication Services,Entertainment
680,IMNM,Immunome Inc,Healthcare,Biotechnology
681,IMVT,Immunovant Inc,Healthcare,Biotechnology
682,INCY,Incyte Corp,Healthcare,Biotechnology
683,INDV,Indivior Pharmaceuticals Inc,Healthcare,Drug Manufacturers - Specialty & Generic
684,INFQ,Infleqtion Inc,Technology,Software - Infrastructure
685,INFY,Infosys Ltd ADR,Technology,Information Technology Services
686,ING,ING Groep N.V. ADR,Financial,Banks - Diversified
687,INSM,Insmed Inc,Healthcare,Biotechnology
688,INTA,Intapp Inc,Technology,Software - Application
689,INTC,Intel Corp,Technology,Semiconductors
690,INTR,Inter & Co Inc,Financial,Banks - Regional
691,INTU,Intuit Inc,Technology,Software - Application
692,INVH,Invitation Homes Inc,Real Estate,REIT - Residential
693,IONQ,IonQ Inc,Technology,Computer Hardware
694,IONS,Ionis Pharmaceuticals Inc,Healthcare,Biotechnology
695,IOT,Samsara Inc,Technology,Software - Infrastructure
696,IP,International Paper Co,Consumer Cyclical,Packaging & Containers
697,IQV,IQVIA Holdings Inc,Healthcare,Diagnostics & Research
698,IR,Ingersoll-Rand Inc,Industrials,Specialty Industrial Machinery
699,IRDM,Iridium Communications Inc,Communication Services,Telecom Services
700,IREN,IREN Ltd,Financial,Capital Markets
701,IRM,Iron Mountain Inc,Real Estate,REIT - Specialty
702,IRT,Independence Realty Trust Inc,Real Estate,REIT - Residential
703,ISRG,Intuitive Surgical Inc,Healthcare,Medical Instruments & Supplies
704,IT,"Gartner, Inc",Technology,Information Technology Services
705,ITGR,Integer Holdings Corp,Healthcare,Medical Devices
706,ITRI,Itron Inc,Technology,Scientific & Technical Instruments
707,ITT,ITT Inc,Industrials,Specialty Industrial Machinery
708,ITUB,Itau Unibanco Holding S.A. ADR,Financial,Banks - Regional
709,ITW,"Illinois Tool Works, Inc",Industrials,Specialty Industrial Machinery
710,IVZ,Invesco Ltd,Financial,Asset Management
711,J,Jacobs Solutions Inc,Industrials,Engineering & Construction
712,JAZZ,Jazz Pharmaceuticals plc,Healthcare,Biotechnology
713,JBHT,"J.B. Hunt Transport Services, Inc",Industrials,Integrated Freight & Logistics
714,JBL,Jabil Inc,Technology,Electronic Components
715,JBS,JBS N.V,Consumer Defensive,Packaged Foods
716,JCI,Johnson Controls International plc,Industrials,Building Products & Equipment
717,JD,JD.com Inc ADR,Consumer Cyclical,Internet Retail
718,JEF,Jefferies Financial Group Inc,Financial,Capital Markets
719,JHG,Janus Henderson Group plc,Financial,Asset Management
720,JHX,James Hardie Industries plc,Basic Materials,Building Materials
721,JKHY,"Jack Henry & Associates, Inc",Technology,Information Technology Services
722,JNJ,Johnson & Johnson,Healthcare,Drug Manufacturers - General
723,JOBY,Joby Aviation Inc,Industrials,Airports & Air Services
724,JPC,Nuveen Preferred & Income Opportunities Fund,Financial,Closed-End Fund - Debt
725,JPM,JPMorgan Chase & Co,Financial,Banks - Diversified
726,KBH,KB Home,Consumer Cyclical,Residential Construction
727,KBR,KBR Inc,Industrials,Engineering & Construction
728,KC,Kingsoft Cloud Holdings Ltd ADR,Technology,Software - Application
729,KD,Kyndryl Holdings Inc,Technology,Information Technology Services
730,KDP,Keurig Dr Pepper Inc,Consumer Defensive,Beverages - Non-Alcoholic
731,KEX,Kirby Corp,Industrials,Marine Shipping
732,KEY,Keycorp,Financial,Banks - Regional
733,KEYS,Keysight Technologies Inc,Technology,Scientific & Technical Instruments
734,KGC,Kinross Gold Corp,Basic Materials,Gold
735,KGS,Kodiak Gas Services Inc,Energy,Oil & Gas Equipment & Services
736,KHC,Kraft Heinz Co,Consumer Defensive,Packaged Foods
737,KIM,Kimco Realty Corporation,Real Estate,REIT - Retail
738,KKR,KKR & Co. Inc,Financial,Asset Management
739,KLAC,KLA Corp,Technology,Semiconductor Equipment & Materials
740,KLAR,Klarna Group plc,Technology,Software - Infrastructure
741,KMB,Kimberly-Clark Corp,Consumer Defensive,Household & Personal Products
742,KMI,Kinder Morgan Inc,Energy,Oil & Gas Midstream
743,KMT,Kennametal Inc,Industrials,Tools & Accessories
744,KMX,Carmax Inc,Consumer Cyclical,Auto & Truck Dealerships
745,KNTK,Kinetik Holdings Inc,Energy,Oil & Gas Midstream
746,KNX,Knight-Swift Transportation Holdings Inc,Industrials,Trucking
747,KO,Coca-Cola Co,Consumer Defensive,Beverages - Non-Alcoholic
748,KR,Kroger Co,Consumer Defensive,Grocery Stores
749,KRC,Kilroy Realty Corp,Real Estate,REIT - Office
750,KRG,Kite Realty Group Trust,Real Estate,REIT - Retail
751,KRMN,Karman Holdings Inc,Industrials,Aerospace & Defense
752,KT,KT Corporation ADR,Communication Services,Telecom Services
753,KTB,Kontoor Brands Inc,Consumer Cyclical,Apparel Manufacturing
754,KTOS,Kratos Defense & Security Solutions Inc,Industrials,Aerospace & Defense
755,KVUE,Kenvue Inc,Consumer Defensive,Household & Personal Products
756,KVYO,Klaviyo Inc,Technology,Software - Application
757,KYIV,Kyivstar Group Ltd,Communication Services,Telecom Services
758,KYMR,Kymera Therapeutics Inc,Healthcare,Biotechnology
759,LASR,nLIGHT Inc,Technology,Semiconductors
760,LAUR,Laureate Education Inc,Consumer Defensive,Education & Training Services
761,LAZ,Lazard Inc,Financial,Capital Markets
762,LBRDK,Liberty Broadband Corp,Communication Services,Telecom Services
763,LBRT,Liberty Energy Inc,Energy,Oil & Gas Equipment & Services
764,LBTYA,Liberty Global Ltd,Communication Services,Telecom Services
765,LBTYK,Liberty Global Ltd,Communication Services,Telecom Services
766,LCID,Lucid Group Inc,Consumer Cyclical,Auto Manufacturers
767,LDOS,Leidos Holdings Inc,Technology,Information Technology Services
768,LEGN,Legend Biotech Corp ADR,Healthcare,Biotechnology
769,LEN,Lennar Corp,Consumer Cyclical,Residential Construction
770,LEU,Centrus Energy Corp,Energy,Uranium
771,LEVI,Levi Strauss & Co,Consumer Cyclical,Apparel Manufacturing
772,LFST,LifeStance Health Group Inc,Healthcare,Medical Care Facilities
773,LGN,Legence Corp,Industrials,Engineering & Construction
774,LHX,L3Harris Technologies Inc,Industrials,Aerospace & Defense
775,LI,Li Auto Inc ADR,Consumer Cyclical,Auto Manufacturers
776,LIF,Life360 Inc,Technology,Software - Application
777,LIN,Linde Plc,Basic Materials,Specialty Chemicals
778,LINE,Lineage Inc,Real Estate,REIT - Industrial
779,LION,Lionsgate Studios Corp,Financial,Shell Companies
780,LITE,Lumentum Holdings Inc,Technology,Communication Equipment
781,LKQ,LKQ Corp,Consumer Cyclical,Auto Parts
782,LLY,Lilly(Eli) & Co,Healthcare,Drug Manufacturers - General
783,LMND,Lemonade Inc,Financial,Insurance - Property & Casualty
784,LMT,Lockheed Martin Corp,Industrials,Aerospace & Defense
785,LNC,Lincoln National Corp,Financial,Insurance - Life
786,LNG,Cheniere Energy Inc,Energy,Oil & Gas Midstream
787,LNT,Alliant Energy Corp,Utilities,Utilities - Regulated Electric
788,LNTH,Lantheus Holdings Inc,Healthcare,Drug Manufacturers - Specialty & Generic
789,LOAR,Loar Holdings Inc,Industrials,Aerospace & Defense
790,LOGI,Logitech International S.A,Technology,Computer Hardware
791,LOW,"Lowe's Cos., Inc",Consumer Cyclical,Home Improvement Retail
792,LPL,LG Display Co Ltd. ADR,Technology,Consumer Electronics
793,LPLA,LPL Financial Holdings Inc,Financial,Capital Markets
794,LPX,Louisiana-Pacific Corp,Industrials,Building Products & Equipment
795,LQDA,Liquidia Corp,Healthcare,Drug Manufacturers - Specialty & Generic
796,LRCX,Lam Research Corp,Technology,Semiconductor Equipment & Materials
797,LRN,Stride Inc,Consumer Defensive,Education & Training Services
798,LSCC,Lattice Semiconductor Corp,Technology,Semiconductors
799,LTH,Life Time Group Holdings Inc,Consumer Cyclical,Leisure
800,LTM,LATAM Airlines Group S.A. ADR,Industrials,Airlines
801,LULU,Lululemon Athletica inc,Consumer Cyclical,Apparel Retail
802,LUMN,Lumen Technologies Inc,Communication Services,Telecom Services
803,LUNR,Intuitive Machines Inc,Industrials,Aerospace & Defense
804,LUV,Southwest Airlines Co,Industrials,Airlines
805,LVS,Las Vegas Sands Corp,Consumer Cyclical,Resorts & Casinos
806,LW,Lamb Weston Holdings Inc,Consumer Defensive,Packaged Foods
807,LYB,LyondellBasell Industries NV,Basic Materials,Specialty Chemicals
808,LYFT,Lyft Inc,Technology,Software - Application
809,LYG,Lloyds Banking Group plc ADR,Financial,Banks - Regional
810,LYV,Live Nation Entertainment Inc,Communication Services,Entertainment
811,M,Macy's Inc,Consumer Cyclical,Department Stores
812,MA,Mastercard Incorporated,Financial,Credit Services
813,MAA,"Mid-America Apartment Communities, Inc",Real Estate,REIT - Residential
814,MAC,Macerich Co,Real Estate,REIT - Retail
815,MANH,"Manhattan Associates, Inc",Technology,Software - Application
816,MAR,"Marriott International, Inc",Consumer Cyclical,Lodging
817,MARA,MARA Holdings Inc,Financial,Capital Markets
818,MAS,Masco Corp,Industrials,Building Products & Equipment
819,MASI,Masimo Corp,Healthcare,Medical Devices
820,MAT,"Mattel, Inc",Consumer Cyclical,Leisure
821,MBLY,Mobileye Global Inc,Consumer Cyclical,Auto Parts
822,MC,Moelis & Co,Financial,Capital Markets
823,MCD,McDonald's Corp,Consumer Cyclical,Restaurants
824,MCHP,"Microchip Technology, Inc",Technology,Semiconductors
825,MCO,Moody's Corp,Financial,Financial Data & Stock Exchanges
826,MCW,Mister Car Wash Inc,Consumer Cyclical,Auto & Truck Dealerships
827,MDB,MongoDB Inc,Technology,Software - Infrastructure
828,MDLN,Medline Inc,Healthcare,Medical Instruments & Supplies
829,MDLZ,Mondelez International Inc,Consumer Defensive,Confectioners
830,MDT,Medtronic Plc,Healthcare,Medical Devices
831,MDU,MDU Resources Group Inc,Utilities,Utilities - Regulated Gas
832,MET,Metlife Inc,Financial,Insurance - Life
833,META,Meta Platforms Inc,Communication Services,Internet Content & Information
834,MFC,Manulife Financial Corp,Financial,Insurance - Life
835,MFG,"Mizuho Financial Group, Inc. ADR",Financial,Banks - Regional
836,MGA,Magna International Inc,Consumer Cyclical,Auto Parts
837,MGM,MGM Resorts International,Consumer Cyclical,Resorts & Casinos
838,MGY,Magnolia Oil & Gas Corp,Energy,Oil & Gas E&P
839,MHK,"Mohawk Industries, Inc",Consumer Cyclical,"Furnishings, Fixtures & Appliances"
840,MIAX,Miami International Holdings Inc,Financial,Capital Markets
841,MICC,Magnum Ice Cream Company N.V,Consumer Defensive,Packaged Foods
842,MIR,Mirion Technologies Inc,Industrials,Specialty Industrial Machinery
843,MIRM,Mirum Pharmaceuticals Inc,Healthcare,Biotechnology
844,MKC,"McCormick & Co., Inc",Consumer Defensive,Packaged Foods
845,MKSI,MKS Inc,Technology,Scientific & Technical Instruments
846,MLCO,Melco Resorts & Entertainment Ltd ADR,Consumer Cyclical,Resorts & Casinos
847,MLI,"Mueller Industries, Inc",Industrials,Metal Fabrication
848,MLYS,Mineralys Therapeutics Inc,Healthcare,Biotechnology
849,MMM,3M Co,Industrials,Conglomerates
850,MMYT,MakeMyTrip Ltd,Consumer Cyclical,Travel Services
851,MNDY,Monday.Com Ltd,Technology,Software - Application
852,MNST,Monster Beverage Corp,Consumer Defensive,Beverages - Non-Alcoholic
853,MO,Altria Group Inc,Consumer Defensive,Tobacco
854,MOD,Modine Manufacturing Co,Consumer Cyclical,Auto Parts
855,MOH,Molina Healthcare Inc,Healthcare,Healthcare Plans
856,MOS,Mosaic Company,Basic Materials,Agricultural Inputs
857,MP,MP Materials Corporation,Basic Materials,Other Industrial Metals & Mining
858,MPC,Marathon Petroleum Corp,Energy,Oil & Gas Refining & Marketing
859,MPLX,MPLX LP,Energy,Oil & Gas Midstream
860,MPT,Medical Properties Trust Inc,Real Estate,REIT - Healthcare Facilities
861,MRK,Merck & Co Inc,Healthcare,Drug Manufacturers - General
862,MRNA,Moderna Inc,Healthcare,Biotechnology
863,MRP,Millrose Properties Inc,Real Estate,REIT - Residential
864,MRSH,Marsh,Financial,Insurance Brokers
865,MRVL,Marvell Technology Inc,Technology,Semiconductors
866,MS,Morgan Stanley,Financial,Capital Markets
867,MSFT,Microsoft Corporation,Technology,Software - Infrastructure
868,MSI,Motorola Solutions Inc,Technology,Communication Equipment
869,MSTR,Strategy Inc,Technology,Software - Application
870,MT,ArcelorMittal,Basic Materials,Steel
871,MTB,M & T Bank Corp,Financial,Banks - Regional
872,MTCH,Match Group Inc,Communication Services,Internet Content & Information
873,MTDR,Matador Resources Co,Energy,Oil & Gas E&P
874,MTG,MGIC Investment Corp,Financial,Insurance - Specialty
875,MTH,Meritage Homes Corp,Consumer Cyclical,Residential Construction
876,MTN,Vail Resorts Inc,Consumer Cyclical,Resorts & Casinos
877,MTSI,MACOM Technology Solutions Holdings Inc,Technology,Semiconductors
878,MTZ,Mastec Inc,Industrials,Engineering & Construction
879,MU,Micron Technology Inc,Technology,Semiconductors
880,MUFG,"Mitsubishi UFJ Financial Group, Inc. ADR",Financial,Banks - Diversified
881,MUR,Murphy Oil Corp,Energy,Oil & Gas E&P
882,MWA,Mueller Water Products Inc,Industrials,Specialty Industrial Machinery
883,MWH,SOLV Energy Inc,Industrials,Infrastructure Operations
884,NAMS,NewAmsterdam Pharma Company NV,Healthcare,Biotechnology
885,NAVN,Navan Inc,Technology,Software - Application
886,NBIS,Nebius Group N.V,Technology,Software - Infrastructure
887,NBIX,"Neurocrine Biosciences, Inc",Healthcare,Drug Manufacturers - Specialty & Generic
888,NCLH,Norwegian Cruise Line Holdings Ltd,Consumer Cyclical,Travel Services
889,NDAQ,Nasdaq Inc,Financial,Financial Data & Stock Exchanges
890,NE,Noble Corp Plc,Energy,Oil & Gas Drilling
891,NEA,Nuveen AMT-Free Quality Municipal Income Fund,Financial,Closed-End Fund - Debt
892,NEE,NextEra Energy Inc,Utilities,Utilities - Regulated Electric
893,NEM,Newmont Corp,Basic Materials,Gold
894,NESR,National Energy Services Reunited Corp,Energy,Oil & Gas Equipment & Services
895,NET,Cloudflare Inc,Technology,Software - Infrastructure
896,NFG,National Fuel Gas Co,Energy,Oil & Gas Integrated
897,NFLX,Netflix Inc,Communication Services,Entertainment
898,NG,Novagold Resources Inc,Basic Materials,Gold
899,NGD,New Gold Inc,Basic Materials,Gold
900,NGG,National Grid Plc ADR,Utilities,Utilities - Regulated Electric
901,NI,NiSource Inc,Utilities,Utilities - Regulated Gas
902,NICE,NICE Ltd ADR,Technology,Software - Application
903,NIO,NIO Inc ADR,Consumer Cyclical,Auto Manufacturers
904,NIQ,NIQ Global Intelligence plc,Financial,Closed-End Fund - Debt
905,NKE,"Nike, Inc",Consumer Cyclical,Footwear & Accessories
906,NKTR,Nektar Therapeutics,Healthcare,Biotechnology
907,NLY,Annaly Capital Management Inc,Real Estate,REIT - Mortgage
908,NMR,Nomura Holdings Inc. ADR,Financial,Capital Markets
909,NMRK,Newmark Group Inc,Real Estate,Real Estate Services
910,NN,NextNav Inc,Technology,Software - Infrastructure
911,NNN,NNN REIT Inc,Real Estate,REIT - Retail
912,NOC,Northrop Grumman Corp,Industrials,Aerospace & Defense
913,NOG,Northern Oil and Gas Inc,Energy,Oil & Gas E&P
914,NOK,Nokia Corp ADR,Technology,Communication Equipment
915,NOV,NOV Inc,Energy,Oil & Gas Equipment & Services
916,NOW,ServiceNow Inc,Technology,Software - Application
917,NRG,NRG Energy Inc,Utilities,Utilities - Independent Power Producers
918,NSA,National Storage Affiliates Trust,Real Estate,REIT - Industrial
919,NSC,Norfolk Southern Corp,Industrials,Railroads
920,NTAP,Netapp Inc,Technology,Software - Infrastructure
921,NTES,NetEase Inc ADR,Communication Services,Electronic Gaming & Multimedia
922,NTNX,Nutanix Inc,Technology,Software - Infrastructure
923,NTR,Nutrien Ltd,Basic Materials,Agricultural Inputs
924,NTRA,Natera Inc,Healthcare,Diagnostics & Research
925,NTRS,Northern Trust Corp,Financial,Asset Management
926,NTSK,Netskope Inc,Technology,Software - Infrastructure
927,NTST,Netstreit Corp,Real Estate,REIT - Retail
928,NU,Nu Holdings Ltd,Financial,Banks - Regional
929,NUE,Nucor Corp,Basic Materials,Steel
930,NVDA,NVIDIA Corp,Technology,Semiconductors
931,NVO,Novo Nordisk ADR,Healthcare,Drug Manufacturers - General
932,NVS,Novartis AG ADR,Healthcare,Drug Manufacturers - General
933,NVST,Envista Holdings Corp,Healthcare,Medical Instruments & Supplies
934,NVT,nVent Electric plc,Industrials,Electrical Equipment & Parts
935,NVTS,Navitas Semiconductor Corp,Technology,Semiconductors
936,NWG,NatWest Group Plc ADR,Financial,Banks - Regional
937,NWS,News Corp,Communication Services,Entertainment
938,NWSA,News Corp,Communication Services,Entertainment
939,NXE,NexGen Energy Ltd,Energy,Uranium
940,NXPI,NXP Semiconductors NV,Technology,Semiconductors
941,NXT,Nextpower Inc,Technology,Solar
942,NYT,New York Times Co,Communication Services,Publishing
943,O,Realty Income Corp,Real Estate,REIT - Retail
944,OBDC,Blue Owl Capital Corp,Financial,Asset Management
945,OC,Owens Corning,Industrials,Building Products & Equipment
946,ODFL,"Old Dominion Freight Line, Inc",Industrials,Trucking
947,OGE,Oge Energy Corp,Utilities,Utilities - Regulated Electric
948,OHI,"Omega Healthcare Investors, Inc",Real Estate,REIT - Healthcare Facilities
949,OII,"Oceaneering International, Inc",Energy,Oil & Gas Equipment & Services
950,OKE,Oneok Inc,Energy,Oil & Gas Midstream
951,OKLO,Oklo Inc,Utilities,Utilities - Independent Power Producers
952,OKTA,Okta Inc,Technology,Software - Infrastructure
953,OLLI,Ollies Bargain Outlet Holdings Inc,Consumer Defensive,Discount Stores
954,OLN,Olin Corp,Basic Materials,Chemicals
955,OMC,"Omnicom Group, Inc",Communication Services,Advertising Agencies
956,OMF,OneMain Holdings Inc,Financial,Credit Services
957,ON,ON Semiconductor Corp,Technology,Semiconductors
958,ONB,Old National Bancorp,Financial,Banks - Regional
959,ONDS,Ondas Inc,Technology,Communication Equipment
960,ONON,On Holding AG,Consumer Cyclical,Footwear & Accessories
961,ONTO,Onto Innovation Inc,Technology,Semiconductor Equipment & Materials
962,OPCH,Option Care Health Inc,Healthcare,Medical Care Facilities
963,OPEN,Opendoor Technologies Inc,Real Estate,Real Estate Services
964,OPLN,Openlane Inc,Consumer Cyclical,Auto & Truck Dealerships
965,OR,OR Royalties Inc,Basic Materials,Gold
966,ORCL,Oracle Corp,Technology,Software - Infrastructure
967,ORI,Old Republic International Corp,Financial,Insurance - Property & Casualty
968,ORLA,Orla Mining Ltd,Basic Materials,Gold
969,ORLY,"O'Reilly Automotive, Inc",Consumer Cyclical,Auto Parts
970,OS,OneStream Inc,Technology,Software - Infrastructure
971,OSCR,Oscar Health Inc,Healthcare,Healthcare Plans
972,OSK,Oshkosh Corp,Industrials,Farm & Heavy Construction Machinery
973,OSW,OneSpaWorld Holdings Limited,Consumer Cyclical,Leisure
974,OTEX,Open Text Corp,Technology,Software - Application
975,OTF,Blue Owl Technology Finance Corp,Financial,Asset Management
976,OTIS,Otis Worldwide Corp,Industrials,Specialty Industrial Machinery
977,OUT,Outfront Media Inc,Real Estate,REIT - Specialty
978,OVV,Ovintiv Inc,Energy,Oil & Gas E&P
979,OWL,Blue Owl Capital Inc,Financial,Asset Management
980,OXY,Occidental Petroleum Corp,Energy,Oil & Gas E&P
981,OZK,Bank OZK,Financial,Banks - Regional
982,PAA,Plains All American Pipeline LP,Energy,Oil & Gas Midstream
983,PAAS,Pan American Silver Corp,Basic Materials,Gold
984,PACS,PACS Group Inc,Healthcare,Medical Care Facilities
985,PAGP,Plains GP Holdings LP,Energy,Oil & Gas Midstream
986,PAGS,PagSeguro Digital Ltd,Technology,Software - Infrastructure
987,PANW,Palo Alto Networks Inc,Technology,Software - Infrastructure
988,PARR,Par Pacific Holdings Inc,Energy,Oil & Gas Refining & Marketing
989,PATH,UiPath Inc,Technology,Software - Infrastructure
990,PAY,Paymentus Holdings Inc,Technology,Software - Infrastructure
991,PAYC,Paycom Software Inc,Technology,Software - Application
992,PAYP,PayPay Corp ADR,Technology,Software - Infrastructure
993,PAYX,Paychex Inc,Technology,Software - Application
994,PB,Prosperity Bancshares Inc,Financial,Banks - Regional
995,PBA,Pembina Pipeline Corporation,Energy,Oil & Gas Midstream
996,PBF,PBF Energy Inc,Energy,Oil & Gas Refining & Marketing
997,PBR,Petroleo Brasileiro S.A. Petrobras ADR,Energy,Oil & Gas Integrated
998,PBR-A,Petroleo Brasileiro S.A. Petrobras ADR,Energy,Oil & Gas Integrated
999,PCAR,Paccar Inc,Industrials,Farm & Heavy Construction Machinery
1000,PCG,PG&E Corp,Utilities,Utilities - Regulated Electric
1001,PCOR,Procore Technologies Inc,Technology,Software - Application
1002,PCTY,Paylocity Holding Corp,Technology,Software - Application
1003,PCVX,Vaxcyte Inc,Healthcare,Biotechnology
1004,PDD,PDD Holdings Inc ADR,Consumer Cyclical,Internet Retail
1005,PDI,PIMCO Dynamic Income Fund,Financial,Closed-End Fund - Debt
1006,PECO,Phillips Edison & Company Inc,Real Estate,REIT - Retail
1007,PEG,Public Service Enterprise Group Inc,Utilities,Utilities - Regulated Electric
1008,PEGA,Pegasystems Inc,Technology,Software - Application
1009,PEN,Penumbra Inc,Healthcare,Medical Devices
1010,PEP,PepsiCo Inc,Consumer Defensive,Beverages - Non-Alcoholic
1011,PFE,Pfizer Inc,Healthcare,Drug Manufacturers - General
1012,PFG,Principal Financial Group Inc,Financial,Asset Management
1013,PFGC,Performance Food Group Company,Consumer Defensive,Food Distribution
1014,PFS,Provident Financial Services Inc,Financial,Banks - Regional
1015,PFSI,PennyMac Financial Services Inc,Financial,Mortgage Finance
1016,PG,Procter & Gamble Co,Consumer Defensive,Household & Personal Products
1017,PGR,Progressive Corp,Financial,Insurance - Property & Casualty
1018,PHG,Koninklijke Philips N.V. ADR,Healthcare,Medical Devices
1019,PHM,PulteGroup Inc,Consumer Cyclical,Residential Construction
1020,PHYS,Sprott Physical Gold Trust,Financial,Asset Management
1021,PI,Impinj Inc,Technology,Semiconductors
1022,PII,Polaris Inc,Consumer Cyclical,Recreational Vehicles
1023,PINS,Pinterest Inc,Communication Services,Internet Content & Information
1024,PK,Park Hotels & Resorts Inc,Real Estate,REIT - Hotel & Motel
1025,PKG,Packaging Corp Of America,Consumer Cyclical,Packaging & Containers
1026,PL,Planet Labs PBC,Industrials,Aerospace & Defense
1027,PLAB,"Photronics, Inc",Technology,Semiconductor Equipment & Materials
1028,PLD,Prologis Inc,Real Estate,REIT - Industrial
1029,PLNT,Planet Fitness Inc,Consumer Cyclical,Leisure
1030,PLTR,Palantir Technologies Inc,Technology,Software - Infrastructure
1031,PLUG,Plug Power Inc,Industrials,Electrical Equipment & Parts
1032,PM,Philip Morris International Inc,Consumer Defensive,Tobacco
1033,PNC,PNC Financial Services Group Inc,Financial,Banks - Regional
1034,PNFP,Pinnacle Financial Partners Inc,Financial,Banks - Regional
1035,PNR,Pentair plc,Industrials,Specialty Industrial Machinery
1036,PNW,Pinnacle West Capital Corp,Utilities,Utilities - Regulated Electric
1037,PODD,Insulet Corporation,Healthcare,Medical Devices
1038,PONY,Pony AI Inc. ADR,Technology,Information Technology Services
1039,POOL,Pool Corporation,Industrials,Industrial Distribution
1040,POR,Portland General Electric Co,Utilities,Utilities - Regulated Electric
1041,POST,Post Holdings Inc,Consumer Defensive,Packaged Foods
1042,POWI,Power Integrations Inc,Technology,Semiconductors
1043,PPC,Pilgrim's Pride Corp,Consumer Defensive,Packaged Foods
1044,PPG,"PPG Industries, Inc",Basic Materials,Specialty Chemicals
1045,PPL,PPL Corp,Utilities,Utilities - Regulated Electric
1046,PPLC,PPL Corp,Utilities,Utilities - Regulated Electric
1047,PPTA,Perpetua Resources Corp,Basic Materials,Other Precious Metals & Mining
1048,PR,Permian Resources Holdings Inc,Energy,Oil & Gas E&P
1049,PRIM,Primoris Services Corp,Industrials,Engineering & Construction
1050,PRM,Perimeter Solutions Inc,Basic Materials,Specialty Chemicals
1051,PRMB,Primo Brands Corp,Consumer Defensive,Beverages - Non-Alcoholic
1052,PRU,Prudential Financial Inc,Financial,Insurance - Life
1053,PRVA,Privia Health Group Inc,Healthcare,Health Information Services
1054,PSA,Public Storage,Real Estate,REIT - Industrial
1055,PSKY,Paramount Skydance Corp,Communication Services,Entertainment
1056,PSLV,Sprott Physical Silver Trust,Financial,Asset Management
1057,PSN,Parsons Corp,Technology,Information Technology Services
1058,PSO,Pearson plc ADR,Communication Services,Publishing
1059,PSTG,Everpure Inc,Technology,Computer Hardware
1060,PSX,Phillips 66,Energy,Oil & Gas Refining & Marketing
1061,PTC,PTC Inc,Technology,Software - Application
1062,PTCT,PTC Therapeutics Inc,Healthcare,Biotechnology
1063,PTEN,Patterson-UTI Energy Inc,Energy,Oil & Gas Drilling
1064,PTGX,Protagonist Therapeutics Inc,Healthcare,Biotechnology
1065,PTRN,Pattern Group Inc,Technology,Software - Application
1066,PTY,PIMCO Corporate & Income Opportunity Fund,Financial,Closed-End Fund - Debt
1067,PUK,Prudential plc ADR,Financial,Insurance - Life
1068,PVH,PVH Corp,Consumer Cyclical,Apparel Manufacturing
1069,PWR,"Quanta Services, Inc",Industrials,Engineering & Construction
1070,PYPL,PayPal Holdings Inc,Financial,Credit Services
1071,Q,Qnity Electronics Inc,Technology,Semiconductor Equipment & Materials
1072,QBTS,D-Wave Quantum Inc,Technology,Computer Hardware
1073,QCOM,"Qualcomm, Inc",Technology,Semiconductors
1074,QGEN,Qiagen NV,Healthcare,Diagnostics & Research
1075,QRVO,Qorvo Inc,Technology,Semiconductors
1076,QS,QuantumScape Corp,Consumer Cyclical,Auto Parts
1077,QSR,Restaurant Brands International Inc,Consumer Cyclical,Restaurants
1078,QTWO,Q2 Holdings Inc,Technology,Software - Application
1079,QXO,QXO Inc,Industrials,Industrial Distribution
1080,RAL,Ralliant Corp,Technology,Electronic Components
1081,RARE,Ultragenyx Pharmaceutical Inc,Healthcare,Biotechnology
1082,RBA,RB Global Inc,Industrials,Specialty Business Services
1083,RBLX,Roblox Corporation,Communication Services,Electronic Gaming & Multimedia
1084,RBRK,Rubrik Inc,Technology,Software - Infrastructure
1085,RCI,Rogers Communications Inc,Communication Services,Telecom Services
1086,RCL,Royal Caribbean Group,Consumer Cyclical,Travel Services
1087,RCUS,Arcus Biosciences Inc,Healthcare,Biotechnology
1088,RDDT,Reddit Inc,Communication Services,Internet Content & Information
1089,RDN,"Radian Group, Inc",Financial,Insurance - Specialty
1090,RDNT,Radnet Inc,Healthcare,Diagnostics & Research
1091,RDY,Dr. Reddy's Laboratories Ltd. ADR,Healthcare,Drug Manufacturers - Specialty & Generic
1092,REG,Regency Centers Corporation,Real Estate,REIT - Retail
1093,REGN,"Regeneron Pharmaceuticals, Inc",Healthcare,Biotechnology
1094,RELX,RELX Plc ADR,Industrials,Specialty Business Services
1095,RELY,Remitly Global Inc,Technology,Software - Infrastructure
1096,REXR,Rexford Industrial Realty Inc,Real Estate,REIT - Industrial
1097,REYN,Reynolds Consumer Products Inc,Consumer Cyclical,Packaging & Containers
1098,REZI,Resideo Technologies Inc,Industrials,Industrial Distribution
1099,RF,Regions Financial Corp,Financial,Banks - Regional
1100,RGEN,Repligen Corp,Healthcare,Medical Instruments & Supplies
1101,RGLD,"Royal Gold, Inc",Basic Materials,Gold
1102,RGTI,Rigetti Computing Inc,Technology,Computer Hardware
1103,RH,RH,Consumer Cyclical,Specialty Retail
1104,RHI,Robert Half Inc,Industrials,Staffing & Employment Services
1105,RIG,Transocean Ltd,Energy,Oil & Gas Drilling
1106,RIO,Rio Tinto plc ADR,Basic Materials,Other Industrial Metals & Mining
1107,RIOT,Riot Platforms Inc,Financial,Capital Markets
1108,RITM,Rithm Capital Corporation,Real Estate,REIT - Mortgage
1109,RIVN,Rivian Automotive Inc,Consumer Cyclical,Auto Manufacturers
1110,RJF,"Raymond James Financial, Inc",Financial,Asset Management
1111,RKLB,Rocket Lab Corp,Industrials,Aerospace & Defense
1112,RKT,Rocket Companies Inc,Financial,Mortgage Finance
1113,RLI,RLI Corp,Financial,Insurance - Property & Casualty
1114,RLX,RLX Technology Inc ADR,Consumer Defensive,Tobacco
1115,RMBS,Rambus Inc,Technology,Semiconductors
1116,RMD,Resmed Inc,Healthcare,Medical Instruments & Supplies
1117,RNG,RingCentral Inc,Technology,Software - Application
1118,ROIV,Roivant Sciences Ltd,Healthcare,Biotechnology
1119,ROK,Rockwell Automation Inc,Industrials,Specialty Industrial Machinery
1120,ROKU,Roku Inc,Communication Services,Entertainment
1121,ROL,"Rollins, Inc",Consumer Cyclical,Personal Services
1122,ROP,Roper Technologies Inc,Technology,Software - Application
1123,ROST,"Ross Stores, Inc",Consumer Cyclical,Apparel Retail
1124,RPM,"RPM International, Inc",Basic Materials,Specialty Chemicals
1125,RPRX,Royalty Pharma plc,Healthcare,Biotechnology
1126,RRC,Range Resources Corp,Energy,Oil & Gas E&P
1127,RRX,Regal Rexnord Corp,Industrials,Specialty Industrial Machinery
1128,RSG,"Republic Services, Inc",Industrials,Waste Management
1129,RSI,Rush Street Interactive Inc,Consumer Cyclical,Gambling
1130,RTO,Rentokil Initial Plc. ADR,Industrials,Specialty Business Services
1131,RTX,RTX Corp,Industrials,Aerospace & Defense
1132,RUM,Rumble Inc,Communication Services,Internet Content & Information
1133,RUN,Sunrun Inc,Technology,Solar
1134,RVMD,Revolution Medicines Inc,Healthcare,Biotechnology
1135,RVTY,Revvity Inc,Healthcare,Diagnostics & Research
1136,RY,Royal Bank Of Canada,Financial,Banks - Diversified
1137,RYAAY,Ryanair Holdings Plc ADR,Industrials,Airlines
1138,RYAN,Ryan Specialty Holdings Inc,Financial,Insurance - Specialty
1139,RYN,Rayonier Inc,Real Estate,REIT - Specialty
1140,S,SentinelOne Inc,Technology,Software - Infrastructure
1141,SA,"Seabridge Gold, Inc",Basic Materials,Gold
1142,SAIL,Sailpoint Inc,Technology,Software - Infrastructure
1143,SAN,Banco Santander S.A. ADR,Financial,Banks - Diversified
1144,SANM,Sanmina Corp,Technology,Electronic Components
1145,SAP,Sap SE ADR,Technology,Software - Application
1146,SARO,StandardAero Inc,Industrials,Aerospace & Defense
1147,SATS,EchoStar Corp,Communication Services,Telecom Services
1148,SBAC,SBA Communications Corp,Real Estate,REIT - Specialty
1149,SBCF,Seacoast Banking Corp. Of Florida,Financial,Banks - Regional
1150,SBLK,Star Bulk Carriers Corp,Industrials,Marine Shipping
1151,SBRA,Sabra Healthcare REIT Inc,Real Estate,REIT - Healthcare Facilities
1152,SBS,Companhia de Saneamento Basico do Estado de Sao Paulo. ADR,Utilities,Utilities - Regulated Water
1153,SBSW,Sibanye Stillwater Limited ADR,Basic Materials,Other Precious Metals & Mining
1154,SBUX,Starbucks Corp,Consumer Cyclical,Restaurants
1155,SCCO,Southern Copper Corporation,Basic Materials,Copper
1156,SCHW,Charles Schwab Corp,Financial,Capital Markets
1157,SCI,Service Corp. International,Consumer Cyclical,Personal Services
1158,SDRL,Seadrill Ltd,Energy,Oil & Gas Drilling
1159,SE,Sea Ltd ADR,Consumer Cyclical,Internet Retail
1160,SEDG,Solaredge Technologies Inc,Technology,Solar
1161,SEE,Sealed Air Corp,Consumer Cyclical,Packaging & Containers
1162,SEI,Solaris Energy Infrastructure Inc,Energy,Oil & Gas Equipment & Services
1163,SEIC,SEI Investments Co,Financial,Asset Management
1164,SEM,Select Medical Holdings Corporation,Healthcare,Medical Care Facilities
1165,SEZL,Sezzle Inc,Financial,Credit Services
1166,SF,Stifel Financial Corp,Financial,Capital Markets
1167,SFD,"Smithfield Foods, Inc",Consumer Defensive,Packaged Foods
1168,SFM,Sprouts Farmers Market Inc,Consumer Defensive,Grocery Stores
1169,SFNC,Simmons First National Corp,Financial,Banks - Regional
1170,SGHC,Super Group (SGHC) Limited,Consumer Cyclical,Gambling
1171,SGI,Somnigroup International Inc,Consumer Cyclical,"Furnishings, Fixtures & Appliances"
1172,SHAK,Shake Shack Inc,Consumer Cyclical,Restaurants
1173,SHC,Sotera Health Co,Healthcare,Diagnostics & Research
1174,SHEL,Shell Plc ADR,Energy,Oil & Gas Integrated
1175,SHOO,Steven Madden Ltd,Consumer Cyclical,Footwear & Accessories
1176,SHOP,Shopify Inc,Technology,Software - Application
1177,SHW,Sherwin-Williams Co,Basic Materials,Specialty Chemicals
1178,SIG,Signet Jewelers Ltd,Consumer Cyclical,Luxury Goods
1179,SIRI,Sirius XM Holdings Inc,Communication Services,Entertainment
1180,SJM,J.M. Smucker Co,Consumer Defensive,Packaged Foods
1181,SKE,Skeena Resources Ltd,Basic Materials,Other Industrial Metals & Mining
1182,SKM,SK Telecom Co Ltd ADR,Communication Services,Telecom Services
1183,SKT,Tanger Inc,Real Estate,REIT - Retail
1184,SLB,SLB Ltd,Energy,Oil & Gas Equipment & Services
1185,SLDE,Slide Insurance Holdings Inc,Financial,Insurance - Property & Casualty
1186,SLG,SL Green Realty Corp,Real Estate,REIT - Office
1187,SLGN,Silgan Holdings Inc,Consumer Cyclical,Packaging & Containers
1188,SLM,SLM Corp,Financial,Credit Services
1189,SM,SM Energy Co,Energy,Oil & Gas E&P
1190,SMCI,Super Micro Computer Inc,Technology,Computer Hardware
1191,SMFG,Sumitomo Mitsui Financial Group Inc ADR,Financial,Banks - Diversified
1192,SMG,Scotts Miracle-Gro Company,Basic Materials,Agricultural Inputs
1193,SMMT,Summit Therapeutics Inc,Healthcare,Biotechnology
1194,SMR,NuScale Power Corporation,Industrials,Specialty Industrial Machinery
1195,SMTC,Semtech Corp,Technology,Semiconductors
1196,SN,SharkNinja Inc,Consumer Cyclical,"Furnishings, Fixtures & Appliances"
1197,SNAP,Snap Inc,Communication Services,Internet Content & Information
1198,SNDK,Sandisk Corp,Technology,Computer Hardware
1199,SNDR,Schneider National Inc,Industrials,Trucking
1200,SNDX,Syndax Pharmaceuticals Inc,Healthcare,Biotechnology
1201,SNN,Smith & Nephew plc ADR,Healthcare,Medical Devices
1202,SNOW,Snowflake Inc,Technology,Software - Application
1203,SNPS,"Synopsys, Inc",Technology,Software - Infrastructure
1204,SNX,TD Synnex Corp,Technology,Electronics & Computer Distribution
1205,SNY,Sanofi ADR,Healthcare,Drug Manufacturers - General
1206,SO,Southern Company,Utilities,Utilities - Regulated Electric
1207,SOBO,South Bow Corp,Energy,Oil & Gas Midstream
1208,SOC,Sable Offshore Corp,Energy,Oil & Gas Drilling
1209,SOFI,SoFi Technologies Inc,Financial,Credit Services
1210,SOLS,Solstice Advanced Materials Inc,Basic Materials,Specialty Chemicals
1211,SOLV,Solventum Corp,Healthcare,Medical Instruments & Supplies
1212,SON,Sonoco Products Co,Consumer Cyclical,Packaging & Containers
1213,SONY,Sony Group Corporation ADR,Technology,Consumer Electronics
1214,SOUN,SoundHound AI Inc,Technology,Software - Application
1215,SPG,"Simon Property Group, Inc",Real Estate,REIT - Retail
1216,SPGI,S&P Global Inc,Financial,Financial Data & Stock Exchanges
1217,SPHR,Sphere Entertainment Co,Communication Services,Entertainment
1218,SPOT,Spotify Technology S.A,Communication Services,Internet Content & Information
1219,SPSC,SPS Commerce Inc,Technology,Software - Application
1220,SQM,Sociedad Quimica Y Minera de Chile S.A. ADR,Basic Materials,Specialty Chemicals
1221,SRAD,Sportradar Group AG,Technology,Software - Application
1222,SRE,Sempra,Utilities,Utilities - Diversified
1223,SRRK,Scholar Rock Holding Corp,Healthcare,Biotechnology
1224,SSB,SouthState Bank Corp,Financial,Banks - Regional
1225,SSL,Sasol Ltd ADR,Basic Materials,Specialty Chemicals
1226,SSNC,SS&C Technologies Holdings Inc,Technology,Software - Application
1227,SSRM,SSR Mining Inc,Basic Materials,Gold
1228,ST,Sensata Technologies Holding Plc,Technology,Scientific & Technical Instruments
1229,STAG,STAG Industrial Inc,Real Estate,REIT - Industrial
1230,STE,Steris Plc,Healthcare,Medical Devices
1231,STEP,StepStone Group Inc,Financial,Asset Management
1232,STLA,Stellantis N.V,Consumer Cyclical,Auto Manufacturers
1233,STLD,Steel Dynamics Inc,Basic Materials,Steel
1234,STM,ST Microelectronics,Technology,Semiconductors
1235,STNE,StoneCo Ltd,Technology,Software - Infrastructure
1236,STNG,Scorpio Tankers Inc,Energy,Oil & Gas Midstream
1237,STRC,Strategy Inc. - VR PRF PERPETUAL USD 100 - Ser A,Technology,Software - Application
1238,STT,State Street Corp,Financial,Asset Management
1239,STUB,Stubhub Holdings Inc,Communication Services,Internet Content & Information
1240,STWD,Starwood Property Trust Inc,Real Estate,REIT - Mortgage
1241,STX,Seagate Technology Holdings Plc,Technology,Computer Hardware
1242,STZ,Constellation Brands Inc,Consumer Defensive,Beverages - Brewers
1243,SU,"Suncor Energy, Inc",Energy,Oil & Gas Integrated
1244,SUI,"Sun Communities, Inc",Real Estate,REIT - Residential
1245,SUNB,Sunbelt Rentals Holdings Inc,Industrials,Rental & Leasing Services
1246,SUZ,Suzano S.A. ADR,Basic Materials,Paper & Paper Products
1247,SVM,Silvercorp Metals Inc,Basic Materials,Silver
1248,SW,Smurfit WestRock plc,Consumer Cyclical,Packaging & Containers
1249,SWK,Stanley Black & Decker Inc,Industrials,Tools & Accessories
1250,SWKS,"Skyworks Solutions, Inc",Technology,Semiconductors
1251,SYF,Synchrony Financial,Financial,Credit Services
1252,SYK,Stryker Corp,Healthcare,Medical Devices
1253,SYM,Symbotic Inc,Industrials,Specialty Industrial Machinery
1254,SYY,Sysco Corp,Consumer Defensive,Food Distribution
1255,T,"AT&T, Inc",Communication Services,Telecom Services
1256,TAC,Transalta Corp,Utilities,Utilities - Independent Power Producers
1257,TAK,Takeda Pharmaceutical Co ADR,Healthcare,Drug Manufacturers - Specialty & Generic
1258,TAL,TAL Education Group ADR,Consumer Defensive,Education & Training Services
1259,TALO,Talos Energy Inc,Energy,Oil & Gas E&P
1260,TAP,Molson Coors Beverage Company,Consumer Defensive,Beverages - Brewers
1261,TCOM,Trip.com Group Ltd ADR,Consumer Cyclical,Travel Services
1262,TD,Toronto Dominion Bank,Financial,Banks - Diversified
1263,TDC,Teradata Corp,Technology,Software - Infrastructure
1264,TDS,"Telephone And Data Systems, Inc",Communication Services,Telecom Services
1265,TDW,Tidewater Inc,Energy,Oil & Gas Equipment & Services
1266,TE,T1 Energy Inc,Industrials,Electrical Equipment & Parts
1267,TEAM,Atlassian Corporation,Technology,Software - Application
1268,TECH,Bio-Techne Corp,Healthcare,Biotechnology
1269,TECK,Teck Resources Ltd,Basic Materials,Other Industrial Metals & Mining
1270,TEL,TE Connectivity plc,Technology,Electronic Components
1271,TEM,Tempus AI Inc,Healthcare,Health Information Services
1272,TENB,Tenable Holdings Inc,Technology,Software - Infrastructure
1273,TER,"Teradyne, Inc",Technology,Semiconductor Equipment & Materials
1274,TERN,Terns Pharmaceuticals Inc,Healthcare,Biotechnology
1275,TEVA,Teva- Pharmaceutical Industries Ltd. ADR,Healthcare,Drug Manufacturers - Specialty & Generic
1276,TEX,Terex Corp,Industrials,Farm & Heavy Construction Machinery
1277,TFC,Truist Financial Corporation,Financial,Banks - Regional
1278,TFSL,TFS Financial Corporation,Financial,Banks - Regional
1279,TFX,Teleflex Incorporated,Healthcare,Medical Instruments & Supplies
1280,TGB,Taseko Mines Ltd,Basic Materials,Copper
1281,TGNA,TEGNA Inc,Communication Services,Broadcasting
1282,TGT,Target Corp,Consumer Defensive,Discount Stores
1283,TGTX,TG Therapeutics Inc,Healthcare,Biotechnology
1284,THC,Tenet Healthcare Corp,Healthcare,Medical Care Facilities
1285,TIGO,Millicom International Cellular S.A,Communication Services,Telecom Services
1286,TJX,"TJX Companies, Inc",Consumer Cyclical,Apparel Retail
1287,TKC,Turkcell Iletisim Hizmetleri A.S. ADR,Communication Services,Telecom Services
1288,TKO,TKO Group Holdings Inc,Communication Services,Entertainment
1289,TKR,Timken Co,Industrials,Tools & Accessories
1290,TLN,Talen Energy Corp,Utilities,Utilities - Independent Power Producers
1291,TMC,TMC the metals company Inc,Basic Materials,Other Industrial Metals & Mining
1292,TMDX,Transmedics Group Inc,Healthcare,Medical Devices
1293,TME,Tencent Music Entertainment Group ADR,Communication Services,Internet Content & Information
1294,TMHC,Taylor Morrison Home Corp,Consumer Cyclical,Residential Construction
1295,TMO,Thermo Fisher Scientific Inc,Healthcare,Diagnostics & Research
1296,TMUS,T-Mobile US Inc,Communication Services,Telecom Services
1297,TNGX,Tango Therapeutics Inc,Healthcare,Biotechnology
1298,TOL,Toll Brothers Inc,Consumer Cyclical,Residential Construction
1299,TOST,Toast Inc,Technology,Software - Infrastructure
1300,TPG,TPG Inc,Financial,Asset Management
1301,TPH,Tri Pointe Homes Inc,Consumer Cyclical,Residential Construction
1302,TPR,Tapestry Inc,Consumer Cyclical,Luxury Goods
1303,TREX,"TREX Co., Inc",Industrials,Building Products & Equipment
1304,TRGP,Targa Resources Corp,Energy,Oil & Gas Midstream
1305,TRI,Thomson-Reuters Corp,Industrials,Specialty Business Services
1306,TRMB,Trimble Inc,Technology,Scientific & Technical Instruments
1307,TRN,"Trinity Industries, Inc",Industrials,Railroads
1308,TROW,T. Rowe Price Group Inc,Financial,Asset Management
1309,TRP,TC Energy Corporation,Energy,Oil & Gas Midstream
1310,TRU,TransUnion,Financial,Financial Data & Stock Exchanges
1311,TRV,Travelers Companies Inc,Financial,Insurance - Property & Casualty
1312,TS,Tenaris S.A. ADR,Energy,Oil & Gas Equipment & Services
1313,TSCO,Tractor Supply Co,Consumer Cyclical,Specialty Retail
1314,TSEM,Tower Semiconductor Ltd,Technology,Semiconductors
1315,TSLA,Tesla Inc,Consumer Cyclical,Auto Manufacturers
1316,TSM,Taiwan Semiconductor Manufacturing ADR,Technology,Semiconductors
1317,TSN,"Tyson Foods, Inc",Consumer Defensive,Farm Products
1318,TT,Trane Technologies plc,Industrials,Building Products & Equipment
1319,TTAN,ServiceTitan Inc,Technology,Software - Application
1320,TTC,Toro Co,Industrials,Tools & Accessories
1321,TTD,Trade Desk Inc,Communication Services,Advertising Agencies
1322,TTE,TotalEnergies SE,Energy,Oil & Gas Integrated
1323,TTEK,"Tetra Tech, Inc",Industrials,Engineering & Construction
1324,TTMI,TTM Technologies Inc,Technology,Electronic Components
1325,TTWO,"Take-Two Interactive Software, Inc",Communication Services,Electronic Gaming & Multimedia
1326,TU,Telus Corp,Communication Services,Telecom Services
1327,TVTX,Travere Therapeutics Inc,Healthcare,Biotechnology
1328,TW,Tradeweb Markets Inc,Financial,Capital Markets
1329,TWLO,Twilio Inc,Technology,Software - Infrastructure
1330,TWST,Twist Bioscience Corp,Healthcare,Diagnostics & Research
1331,TXG,10x Genomics Inc,Healthcare,Health Information Services
1332,TXN,Texas Instruments Inc,Technology,Semiconductors
1333,TXNM,TXNM Energy Inc,Utilities,Utilities - Regulated Electric
1334,TXRH,Texas Roadhouse Inc,Consumer Cyclical,Restaurants
1335,TXT,Textron Inc,Industrials,Aerospace & Defense
1336,U,Unity Software Inc,Technology,Software - Application
1337,UA,Under Armour Inc,Consumer Cyclical,Apparel Manufacturing
1338,UAA,Under Armour Inc,Consumer Cyclical,Apparel Manufacturing
1339,UAL,United Airlines Holdings Inc,Industrials,Airlines
1340,UBER,Uber Technologies Inc,Technology,Software - Application
1341,UBS,UBS Group AG,Financial,Banks - Diversified
1342,UBSI,"United Bankshares, Inc",Financial,Banks - Regional
1343,UCB,United Community Banks Inc,Financial,Banks - Regional
1344,UCTT,Ultra Clean Hldgs Inc,Technology,Semiconductor Equipment & Materials
1345,UDR,UDR Inc,Real Estate,REIT - Residential
1346,UE,Urban Edge Properties,Real Estate,REIT - Retail
1347,UEC,Uranium Energy Corp,Energy,Uranium
1348,UGI,UGI Corp,Utilities,Utilities - Regulated Gas
1349,UGP,Ultrapar Participacoes S.A. ADR,Energy,Oil & Gas Refining & Marketing
1350,UHS,"Universal Health Services, Inc",Healthcare,Medical Care Facilities
1351,UL,Unilever plc ADR,Consumer Defensive,Household & Personal Products
1352,ULS,UL Solutions Inc,Industrials,Specialty Business Services
1353,UMC,United Micro Electronics ADR,Technology,Semiconductors
1354,UNFI,United Natural Foods Inc,Consumer Defensive,Food Distribution
1355,UNH,Unitedhealth Group Inc,Healthcare,Healthcare Plans
1356,UNM,Unum Group,Financial,Insurance - Life
1357,UNP,Union Pacific Corp,Industrials,Railroads
1358,UPS,"United Parcel Service, Inc",Industrials,Integrated Freight & Logistics
1359,UPST,Upstart Holdings Inc,Financial,Credit Services
1360,URBN,"Urban Outfitters, Inc",Consumer Cyclical,Apparel Retail
1361,USAR,USA Rare Earth Inc,Basic Materials,Other Industrial Metals & Mining
1362,USAS,Americas Gold and Silver Corp,Basic Materials,Other Industrial Metals & Mining
1363,USB,U.S. Bancorp,Financial,Banks - Regional
1364,USFD,US Foods Holding Corp,Consumer Defensive,Food Distribution
1365,UUUU,Energy Fuels Inc,Energy,Uranium
1366,UWMC,UWM Holdings Corporation,Financial,Mortgage Finance
1367,V,Visa Inc,Financial,Credit Services
1368,VAL,Valaris Ltd,Energy,Oil & Gas Equipment & Services
1369,VALE,Vale S.A. ADR,Basic Materials,Other Industrial Metals & Mining
1370,VCYT,Veracyte Inc,Healthcare,Diagnostics & Research
1371,VEEV,Veeva Systems Inc,Healthcare,Health Information Services
1372,VERA,Vera Therapeutics Inc,Healthcare,Biotechnology
1373,VERX,Vertex Inc,Technology,Software - Application
1374,VFC,VF Corp,Consumer Cyclical,Apparel Manufacturing
1375,VG,Venture Global Inc,Energy,Oil & Gas Midstream
1376,VIAV,Viavi Solutions Inc,Technology,Communication Equipment
1377,VICI,VICI Properties Inc,Real Estate,REIT - Diversified
1378,VIK,Viking Holdings Ltd,Consumer Cyclical,Travel Services
1379,VIPS,Vipshop Holdings Ltd ADR,Consumer Cyclical,Internet Retail
1380,VIRT,Virtu Financial Inc,Financial,Capital Markets
1381,VISN,Vistance Networks Inc,Technology,Communication Equipment
1382,VIST,Vista Energy S.A.B. de C.V ADR,Energy,Oil & Gas E&P
1383,VIV,"Telefonica Brasil S.A., ADR",Communication Services,Telecom Services
1384,VKTX,Viking Therapeutics Inc,Healthcare,Biotechnology
1385,VLO,Valero Energy Corp,Energy,Oil & Gas Refining & Marketing
1386,VLTO,Veralto Corp,Industrials,Pollution & Treatment Controls
1387,VLY,Valley National Bancorp,Financial,Banks - Regional
1388,VMC,Vulcan Materials Co,Basic Materials,Building Materials
1389,VNET,VNET Group Inc ADR,Technology,Information Technology Services
1390,VNO,Vornado Realty Trust,Real Estate,REIT - Office
1391,VNOM,Viper Energy Inc,Energy,Oil & Gas Midstream
1392,VNT,Vontier Corporation,Technology,Scientific & Technical Instruments
1393,VOD,Vodafone Group plc ADR,Communication Services,Telecom Services
1394,VOYA,Voya Financial Inc,Financial,Financial Conglomerates
1395,VRDN,Viridian Therapeutics Inc,Healthcare,Biotechnology
1396,VRNS,Varonis Systems Inc,Technology,Software - Infrastructure
1397,VRRM,Verra Mobility Corp,Technology,Information Technology Services
1398,VRSK,Verisk Analytics Inc,Industrials,Consulting Services
1399,VRT,Vertiv Holdings Co,Industrials,Electrical Equipment & Parts
1400,VRTX,"Vertex Pharmaceuticals, Inc",Healthcare,Biotechnology
1401,VSAT,"Viasat, Inc",Technology,Communication Equipment
1402,VSCO,Victoria's Secret & Co,Consumer Cyclical,Apparel Retail
1403,VSH,"Vishay Intertechnology, Inc",Technology,Semiconductors
1404,VSNT,Versant Media Group Inc,Communication Services,Entertainment
1405,VST,Vistra Corp,Utilities,Utilities - Independent Power Producers
1406,VTR,Ventas Inc,Real Estate,REIT - Healthcare Facilities
1407,VTRS,Viatris Inc,Healthcare,Drug Manufacturers - Specialty & Generic
1408,VVV,Valvoline Inc,Consumer Cyclical,Auto & Truck Dealerships
1409,VZ,Verizon Communications Inc,Communication Services,Telecom Services
1410,W,Wayfair Inc,Consumer Cyclical,Internet Retail
1411,WAB,Westinghouse Air Brake Technologies Corp,Industrials,Railroads
1412,WAL,Western Alliance Bancorp,Financial,Banks - Regional
1413,WAT,Waters Corp,Healthcare,Diagnostics & Research
1414,WAY,Waystar Holding Corp,Healthcare,Health Information Services
1415,WBD,Warner Bros. Discovery Inc,Communication Services,Entertainment
1416,WBS,Webster Financial Corp,Financial,Banks - Regional
1417,WCN,Waste Connections Inc,Industrials,Waste Management
1418,WDAY,Workday Inc,Technology,Software - Application
1419,WDC,Western Digital Corp,Technology,Computer Hardware
1420,WDS,Woodside Energy Group Ltd ADR,Energy,Oil & Gas E&P
1421,WEC,WEC Energy Group Inc,Utilities,Utilities - Regulated Electric
1422,WELL,Welltower Inc,Real Estate,REIT - Healthcare Facilities
1423,WES,Western Midstream Partners LP,Energy,Oil & Gas Midstream
1424,WFC,Wells Fargo & Co,Financial,Banks - Diversified
1425,WFRD,Weatherford International plc,Energy,Oil & Gas Equipment & Services
1426,WH,Wyndham Hotels & Resorts Inc,Consumer Cyclical,Lodging
1427,WHD,Cactus Inc,Energy,Oil & Gas Equipment & Services
1428,WHR,Whirlpool Corp,Consumer Cyclical,"Furnishings, Fixtures & Appliances"
1429,WING,Wingstop Inc,Consumer Cyclical,Restaurants
1430,WIT,Wipro Ltd. ADR,Technology,Information Technology Services
1431,WIX,Wix.com Ltd,Technology,Software - Infrastructure
1432,WK,Workiva Inc,Technology,Software - Application
1433,WLK,Westlake Corporation,Basic Materials,Specialty Chemicals
1434,WM,"Waste Management, Inc",Industrials,Waste Management
1435,WMB,Williams Cos Inc,Energy,Oil & Gas Midstream
1436,WMG,Warner Music Group Corp,Communication Services,Entertainment
1437,WMT,Walmart Inc,Consumer Defensive,Discount Stores
1438,WPC,W. P. Carey Inc,Real Estate,REIT - Diversified
1439,WPM,Wheaton Precious Metals Corp,Basic Materials,Gold
1440,WRB,W.R. Berkley Corp,Financial,Insurance - Property & Casualty
1441,WRBY,Warby Parker Inc,Healthcare,Medical Instruments & Supplies
1442,WRD,WeRide Inc. ADR,Technology,Software - Application
1443,WSC,WillScot Holdings Corp,Industrials,Rental & Leasing Services
1444,WSM,"Williams-Sonoma, Inc",Consumer Cyclical,Specialty Retail
1445,WST,"West Pharmaceutical Services, Inc",Healthcare,Medical Instruments & Supplies
1446,WT,WisdomTree Inc,Financial,Asset Management
1447,WTRG,Essential Utilities Inc,Utilities,Utilities - Regulated Water
1448,WTW,Willis Towers Watson Public Limited Co,Financial,Insurance Brokers
1449,WU,Western Union Company,Financial,Credit Services
1450,WULF,TeraWulf Inc,Financial,Capital Markets
1451,WVE,Wave Life Sciences Ltd,Healthcare,Biotechnology
1452,WY,Weyerhaeuser Co,Real Estate,REIT - Specialty
1453,WYNN,Wynn Resorts Ltd,Consumer Cyclical,Resorts & Casinos
1454,XEL,"Xcel Energy, Inc",Utilities,Utilities - Regulated Electric
1455,XENE,Xenon Pharmaceuticals Inc,Healthcare,Biotechnology
1456,XIFR,XPLR Infrastructure LP,Utilities,Utilities - Renewable
1457,XOM,Exxon Mobil Corp,Energy,Oil & Gas Integrated
1458,XP,XP Inc,Financial,Capital Markets
1459,XPEV,XPeng Inc ADR,Consumer Cyclical,Auto Manufacturers
1460,XPO,XPO Inc,Industrials,Trucking
1461,XRAY,DENTSPLY Sirona Inc,Healthcare,Medical Instruments & Supplies
1462,XXI,Twenty One Capital Inc,Financial,Shell Companies
1463,XYL,Xylem Inc,Industrials,Specialty Industrial Machinery
1464,XYZ,Block Inc,Technology,Software - Infrastructure
1465,YETI,YETI Holdings Inc,Consumer Cyclical,Leisure
1466,YMM,Full Truck Alliance Co Ltd ADR,Technology,Software - Application
1467,YOU,Clear Secure Inc,Technology,Software - Application
1468,YPF,YPF ADR,Energy,Oil & Gas Integrated
1469,YSS,York Space Systems Inc,Industrials,Aerospace & Defense
1470,YUM,Yum Brands Inc,Consumer Cyclical,Restaurants
1471,YUMC,Yum China Holdings Inc,Consumer Cyclical,Restaurants
1472,Z,Zillow Group Inc,Communication Services,Internet Content & Information
1473,ZBH,Zimmer Biomet Holdings Inc,Healthcare,Medical Devices
1474,ZBRA,Zebra Technologies Corp,Technology,Communication Equipment
1475,ZETA,Zeta Global Holdings Corp,Technology,Software - Infrastructure
1476,ZG,Zillow Group Inc,Communication Services,Internet Content & Information
1477,ZIM,Zim Integrated Shipping Services Ltd,Industrials,Marine Shipping
1478,ZION,Zions Bancorporation N.A,Financial,Banks - Regional
1479,ZLAB,Zai Lab Limited ADR,Healthcare,Biotechnology
1480,ZM,Zoom Communications Inc,Technology,Software - Application
1481,ZS,Zscaler Inc,Technology,Software - Infrastructure
1482,ZTO,ZTO Express (Cayman) Inc ADR,Industrials,Integrated Freight & Logistics
1483,ZTS,Zoetis Inc,Healthcare,Drug Manufacturers - Specialty & Generic
1484,ZWS,Zurn Elkay Water Solutions Corp,Industrials,Pollution & Treatment Controls
